datetime,email_address,timezone,src_ip,request_result,user_agent
2023-02-03 14:14:48,pcoleman@buchanan.biz,Pacific Standard Time,184.226.191.144,failure,"Mozilla/5.0 (Windows NT 5.2) AppleWebKit/535.0 (KHTML, like Gecko) Chrome/39.0.805.0 Safari/535.0"
2023-02-03 14:47:29,juliegarcia@byrd.com,Central Pacific Standard Time,151.143.64.43,failure,"Mozilla/5.0 (iPod; U; CPU iPhone OS 3_2 like Mac OS X; gez-ER) AppleWebKit/535.41.1 (KHTML, like Gecko) Version/3.0.5 Mobile/8B117 Safari/6535.41.1"
2023-02-03 14:51:30,eyoung@nguyen.com,Greenwich Standard Time,64.103.145.104,failure,Opera/8.87.(Windows NT 6.0; nan-TW) Presto/2.9.184 Version/11.00
2023-02-03 14:55:43,romanmatthew@smith.com,US Eastern Standard Time,170.125.22.205,failure,"Mozilla/5.0 (iPhone; CPU iPhone OS 6_1_6 like Mac OS X) AppleWebKit/535.1 (KHTML, like Gecko) FxiOS/13.3h3746.0 Mobile/82X836 Safari/535.1"
2023-02-03 16:00:57,shernandez@kelly.com,Azores Standard Time,132.197.156.188,success,Mozilla/5.0 (compatible; MSIE 9.0; Windows NT 5.2; Trident/3.1)
2023-02-03 16:08:57,matthew72@anderson.net,GTB Standard Time,152.41.2.5,failure,"Mozilla/5.0 (iPhone; CPU iPhone OS 5_1_1 like Mac OS X) AppleWebKit/532.1 (KHTML, like Gecko) FxiOS/15.9q1971.0 Mobile/68I438 Safari/532.1"
2023-02-03 16:43:27,smithcameron@nash-castillo.com,AUS Central Standard Time,219.254.115.41,success,"Mozilla/5.0 (iPhone; CPU iPhone OS 14_2_1 like Mac OS X) AppleWebKit/533.1 (KHTML, like Gecko) CriOS/53.0.867.0 Mobile/53T208 Safari/533.1"
2023-02-03 17:04:31,rita90@torres.biz,Pacific SA Standard Time,33.9.42.196,success,Mozilla/5.0 (compatible; MSIE 8.0; Windows NT 4.0; Trident/5.1)
2023-02-03 17:06:53,rgregory@harris.com,Turkey Standard Time,198.255.86.198,failure,"Mozilla/5.0 (iPad; CPU iPad OS 14_2 like Mac OS X) AppleWebKit/535.2 (KHTML, like Gecko) FxiOS/12.4j6261.0 Mobile/07V490 Safari/535.2"
2023-02-03 18:41:23,jacobhernandez@english-hudson.org,E. Europe Standard Time,117.12.48.41,failure,Mozilla/5.0 (compatible; MSIE 7.0; Windows 98; Trident/4.0)
2023-02-03 19:20:12,thouse@kennedy.info,Pakistan Standard Time,171.207.56.93,failure,"Mozilla/5.0 (Macintosh; U; Intel Mac OS X 10_7_0 rv:6.0; sw-TZ) AppleWebKit/533.10.6 (KHTML, like Gecko) Version/4.1 Safari/533.10.6"
2023-02-03 19:37:19,lisa53@roberson.com,China Standard Time,65.29.77.209,failure,Mozilla/5.0 (Windows 98; Win 9x 4.90; wae-CH; rv:1.9.2.20) Gecko/9683-10-04 00:17:48 Firefox/3.6.10
2023-02-03 19:48:20,yhobbs@phillips.net,Newfoundland Standard Time,179.187.35.18,success,Opera/8.95.(X11; Linux i686; id-ID) Presto/2.9.183 Version/10.00
2023-02-03 20:05:42,jefferywallace@hanson.com,Korea Standard Time,28.167.26.180,failure,Mozilla/5.0 (Macintosh; Intel Mac OS X 10_10_2; rv:1.9.6.20) Gecko/8777-06-07 04:30:36 Firefox/14.0
2023-02-03 20:07:40,davidgutierrez@hanson.com,China Standard Time,9.196.229.103,success,"Mozilla/5.0 (iPad; CPU iPad OS 6_1_6 like Mac OS X) AppleWebKit/532.1 (KHTML, like Gecko) CriOS/14.0.803.0 Mobile/78S901 Safari/532.1"
2023-02-03 20:11:10,ashleyroman@gonzalez.com,AUS Central Standard Time,138.90.243.69,failure,"Mozilla/5.0 (Macintosh; Intel Mac OS X 10_6_7 rv:6.0; my-MM) AppleWebKit/533.8.7 (KHTML, like Gecko) Version/5.0 Safari/533.8.7"
2023-02-03 20:20:00,zwalker@flowers-tran.com,Coordinated Universal Time,77.162.161.78,success,Mozilla/5.0 (Windows NT 5.1; tg-TJ; rv:1.9.0.20) Gecko/2436-06-27 18:18:54 Firefox/3.6.7
2023-02-03 20:30:04,jeffrey22@garza.com,Fiji Standard Time,203.135.237.118,failure,"Mozilla/5.0 (X11; Linux i686) AppleWebKit/531.2 (KHTML, like Gecko) Chrome/13.0.875.0 Safari/531.2"
2023-02-03 20:32:30,david32@murphy.com,Tokyo Standard Time,218.250.45.121,success,"Mozilla/5.0 (Windows CE) AppleWebKit/531.2 (KHTML, like Gecko) Chrome/56.0.898.0 Safari/531.2"
2023-02-03 20:52:21,keithcox@vaughan.com,Arabic Standard Time,201.55.49.12,success,Mozilla/5.0 (Windows NT 5.2; sr-ME; rv:1.9.0.20) Gecko/9761-12-25 04:40:55 Firefox/3.6.14
2023-02-03 21:32:57,rmartin@montes-luna.com,West Asia Standard Time,176.199.162.69,success,Mozilla/5.0 (X11; Linux x86_64; rv:1.9.7.20) Gecko/4430-03-15 06:55:55 Firefox/13.0
2023-02-03 21:59:30,bairdcatherine@arellano-barnett.com,Azerbaijan Standard Time,166.118.78.49,failure,Mozilla/5.0 (compatible; MSIE 8.0; Windows NT 6.0; Trident/5.0)
2023-02-03 22:19:40,williamthompson@hunter.net,Mountain Standard Time,30.1.247.134,failure,Opera/8.16.(X11; Linux x86_64; te-IN) Presto/2.9.168 Version/12.00
2023-02-03 22:29:34,carrie05@mooney-stevens.com,North Asia Standard Time,198.154.71.255,failure,Mozilla/5.0 (X11; Linux i686; rv:1.9.6.20) Gecko/4317-08-03 08:49:26 Firefox/5.0
2023-02-03 22:33:22,jonathan39@lopez.com,Central Europe Standard Time,78.105.99.183,success,Mozilla/5.0 (compatible; MSIE 8.0; Windows NT 6.1; Trident/3.1)
2023-02-03 22:37:07,adam31@medina-richards.com,Namibia Standard Time,137.204.200.229,failure,Mozilla/5.0 (compatible; MSIE 8.0; Windows NT 5.0; Trident/5.0)
2023-02-03 22:41:06,samuelcarter@davis-parker.net,Coordinated Universal Time,217.101.228.218,success,"Mozilla/5.0 (Windows; U; Windows NT 6.2) AppleWebKit/534.21.7 (KHTML, like Gecko) Version/5.1 Safari/534.21.7"
2023-02-03 22:59:44,rebecca68@gonzalez-frazier.info,Kaliningrad Standard Time,221.32.233.10,success,Mozilla/5.0 (compatible; MSIE 5.0; Windows 98; Trident/3.1)
2023-02-03 23:37:11,jamie29@rodriguez.com,Pacific SA Standard Time,114.137.210.250,success,Mozilla/5.0 (compatible; MSIE 8.0; Windows NT 10.0; Trident/5.0)
2023-02-04 00:08:32,lauracarter@carter.info,N. Central Asia Standard Time,184.245.11.77,success,Mozilla/5.0 (compatible; MSIE 7.0; Windows NT 5.2; Trident/5.1)
2023-02-04 00:26:29,jdavidson@hunt.biz,Venezuela Standard Time,166.233.157.10,success,Mozilla/5.0 (compatible; MSIE 6.0; Windows 98; Trident/3.0)
2023-02-04 00:27:50,xsanders@sanchez-jacobson.com,Central Brazilian Standard Time,194.51.30.26,success,"Mozilla/5.0 (Windows; U; Windows NT 6.2) AppleWebKit/535.5.4 (KHTML, like Gecko) Version/4.0 Safari/535.5.4"
2023-02-04 00:45:42,stevenadams@hampton-burton.com,Magadan Standard Time,201.183.61.246,success,"Mozilla/5.0 (Windows; U; Windows CE) AppleWebKit/531.11.7 (KHTML, like Gecko) Version/5.0.1 Safari/531.11.7"
2023-02-04 01:34:56,brownjeremiah@lee.net,SA Eastern Standard Time,84.79.249.99,success,Mozilla/5.0 (compatible; MSIE 5.0; Windows NT 10.0; Trident/4.1)
2023-02-04 02:19:19,brian50@carr.com,US Mountain Standard Time,166.116.241.136,failure,"Mozilla/5.0 (Macintosh; U; Intel Mac OS X 10_12_3 rv:5.0; fy-DE) AppleWebKit/531.45.1 (KHTML, like Gecko) Version/5.1 Safari/531.45.1"
2023-02-04 02:49:23,mcgeepaula@perez.com,W. Central Africa Standard Time,207.237.244.74,success,Mozilla/5.0 (Android 6.0.1; Mobile; rv:24.0) Gecko/24.0 Firefox/24.0
2023-02-04 02:54:51,stephaniedickson@lopez-mcdonald.org,Tasmania Standard Time,159.45.219.163,failure,"Mozilla/5.0 (X11; Linux i686) AppleWebKit/531.0 (KHTML, like Gecko) Chrome/25.0.897.0 Safari/531.0"
2023-02-04 03:32:25,michaelshaw@mcdowell-woods.net,China Standard Time,103.65.57.99,failure,Mozilla/5.0 (X11; Linux x86_64; rv:1.9.5.20) Gecko/8883-07-04 12:40:11 Firefox/3.6.4
2023-02-04 03:37:50,nathaniel93@leon.biz,Arab Standard Time,137.194.128.224,failure,Mozilla/5.0 (X11; Linux i686; rv:1.9.7.20) Gecko/7511-03-12 09:56:38 Firefox/3.6.17
2023-02-04 03:48:25,mezajonathan@mcpherson.com,Yakutsk Standard Time,129.85.152.150,success,"Mozilla/5.0 (Linux; Android 2.2.2) AppleWebKit/533.1 (KHTML, like Gecko) Chrome/47.0.809.0 Safari/533.1"
2023-02-04 03:57:57,alyssathomas@taylor.com,Central Standard Time,194.5.168.159,failure,Mozilla/5.0 (Macintosh; U; Intel Mac OS X 10_9_2; rv:1.9.2.20) Gecko/6882-04-10 13:36:05 Firefox/3.6.5
2023-02-04 04:03:00,epollard@hubbard-bush.com,E. Europe Standard Time,73.128.52.106,success,Mozilla/5.0 (compatible; MSIE 6.0; Windows NT 5.0; Trident/4.1)
2023-02-04 04:20:54,mackenzie38@williams.com,Kamchatka Standard Time,161.223.222.175,success,Mozilla/5.0 (compatible; MSIE 8.0; Windows CE; Trident/5.1)
2023-02-04 05:01:12,tammyjohnson@reed.com,Canada Central Standard Time,166.58.81.156,success,Mozilla/5.0 (Android 2.3.3; Mobile; rv:32.0) Gecko/32.0 Firefox/32.0
2023-02-04 05:28:56,kristinaklein@pena.com,Central Standard Time,155.184.161.122,failure,"Mozilla/5.0 (Macintosh; U; Intel Mac OS X 10_11_6 rv:2.0; ks-IN) AppleWebKit/535.11.6 (KHTML, like Gecko) Version/4.0 Safari/535.11.6"
2023-02-04 06:22:30,awalters@perry.biz,Afghanistan Standard Time,83.138.55.29,success,Opera/9.43.(X11; Linux x86_64; sa-IN) Presto/2.9.185 Version/12.00
2023-02-04 06:28:50,wrighttim@romero.com,N. Central Asia Standard Time,199.88.144.16,failure,"Mozilla/5.0 (Macintosh; PPC Mac OS X 10_8_3) AppleWebKit/533.0 (KHTML, like Gecko) Chrome/62.0.843.0 Safari/533.0"
2023-02-04 07:36:01,pconner@golden-mcintosh.com,Mid-Atlantic Standard Time,198.250.170.166,success,Mozilla/5.0 (compatible; MSIE 8.0; Windows NT 6.2; Trident/4.1)
2023-02-04 08:14:12,austin99@hudson.com,SA Western Standard Time,174.100.193.101,success,"Mozilla/5.0 (iPod; U; CPU iPhone OS 3_0 like Mac OS X; st-ZA) AppleWebKit/534.12.4 (KHTML, like Gecko) Version/4.0.5 Mobile/8B117 Safari/6534.12.4"
2023-02-04 08:25:10,brownkenneth@smith.biz,Azores Standard Time,155.36.19.113,failure,"Mozilla/5.0 (Windows; U; Windows NT 5.0) AppleWebKit/531.42.2 (KHTML, like Gecko) Version/5.0 Safari/531.42.2"
2023-02-04 08:29:18,campbelljulia@thornton.com,Arabian Standard Time,184.181.202.222,success,Mozilla/5.0 (compatible; MSIE 8.0; Windows 95; Trident/4.1)
2023-02-04 08:49:57,sullivanamanda@dixon.com,Central Standard Time (Mexico),206.17.148.69,success,"Mozilla/5.0 (Windows; U; Windows NT 10.0) AppleWebKit/535.38.3 (KHTML, like Gecko) Version/4.0.2 Safari/535.38.3"
2023-02-04 09:08:06,zmoore@schmidt-sanders.info,N. Central Asia Standard Time,151.131.201.14,success,Mozilla/5.0 (compatible; MSIE 7.0; Windows CE; Trident/5.1)
2023-02-04 09:22:55,ashley17@walker.com,Taipei Standard Time,200.173.78.13,success,"Mozilla/5.0 (Windows 98) AppleWebKit/534.1 (KHTML, like Gecko) Chrome/34.0.827.0 Safari/534.1"
2023-02-04 10:03:18,robert07@guerra.com,Cape Verde Standard Time,42.81.18.45,failure,"Mozilla/5.0 (iPad; CPU iPad OS 4_2_1 like Mac OS X) AppleWebKit/533.0 (KHTML, like Gecko) FxiOS/17.8n0840.0 Mobile/10E671 Safari/533.0"
2023-02-04 10:20:49,gbriggs@mueller.info,Cen. Australia Standard Time,177.198.178.117,success,Mozilla/5.0 (Macintosh; Intel Mac OS X 10_12_3; rv:1.9.4.20) Gecko/4360-07-02 19:27:09 Firefox/3.6.19
2023-02-04 10:38:16,sandragordon@greer.com,Atlantic Standard Time,62.171.155.215,failure,Mozilla/5.0 (Macintosh; PPC Mac OS X 10_12_3; rv:1.9.4.20) Gecko/6509-09-27 23:11:49 Firefox/3.8
2023-02-04 10:44:16,travisfisher@parsons.com,Central Brazilian Standard Time,131.223.182.48,failure,"Mozilla/5.0 (Macintosh; U; Intel Mac OS X 10_12_3 rv:2.0; eo-US) AppleWebKit/533.14.4 (KHTML, like Gecko) Version/4.1 Safari/533.14.4"
2023-02-04 10:45:00,cory75@sampson.com,Cape Verde Standard Time,146.175.87.204,success,"Mozilla/5.0 (iPod; U; CPU iPhone OS 4_2 like Mac OS X; crh-UA) AppleWebKit/532.13.2 (KHTML, like Gecko) Version/3.0.5 Mobile/8B115 Safari/6532.13.2"
2023-02-04 10:58:27,ihoffman@briggs.net,Newfoundland Standard Time,154.17.25.180,success,"Mozilla/5.0 (Macintosh; U; Intel Mac OS X 10_7_0 rv:4.0; es-CL) AppleWebKit/533.29.5 (KHTML, like Gecko) Version/4.0.3 Safari/533.29.5"
2023-02-04 11:36:27,emma06@reed.net,Magadan Standard Time,192.197.136.41,failure,Opera/8.43.(Windows NT 10.0; gd-GB) Presto/2.9.189 Version/12.00
2023-02-04 12:15:24,brian22@frederick.com,Jordan Standard Time,218.213.49.119,failure,"Mozilla/5.0 (iPad; CPU iPad OS 14_2 like Mac OS X) AppleWebKit/533.0 (KHTML, like Gecko) FxiOS/15.3y2144.0 Mobile/02T320 Safari/533.0"
2023-02-04 12:33:32,ksmith@erickson.com,Central Brazilian Standard Time,212.215.100.209,failure,"Mozilla/5.0 (iPod; U; CPU iPhone OS 3_1 like Mac OS X; bn-BD) AppleWebKit/535.14.1 (KHTML, like Gecko) Version/4.0.5 Mobile/8B116 Safari/6535.14.1"
2023-02-04 12:52:45,andersondevin@lopez.com,Paraguay Standard Time,191.231.78.168,failure,Opera/8.74.(X11; Linux i686; ar-AE) Presto/2.9.172 Version/11.00
2023-02-04 13:08:10,ypearson@brown.com,Newfoundland Standard Time,38.150.132.124,failure,"Mozilla/5.0 (iPod; U; CPU iPhone OS 4_0 like Mac OS X; es-HN) AppleWebKit/533.23.4 (KHTML, like Gecko) Version/3.0.5 Mobile/8B112 Safari/6533.23.4"
2023-02-04 13:13:56,tfoley@george.com,Pakistan Standard Time,103.9.124.105,success,Opera/9.31.(Windows 98; Win 9x 4.90; sat-IN) Presto/2.9.190 Version/12.00
2023-02-04 13:22:40,rachel44@oconnell.com,New Zealand Standard Time,130.98.139.50,failure,"Mozilla/5.0 (Linux; Android 1.1) AppleWebKit/531.2 (KHTML, like Gecko) Chrome/38.0.845.0 Safari/531.2"
2023-02-04 13:31:24,fhenry@fox-wade.biz,Arabic Standard Time,59.160.7.179,success,"Mozilla/5.0 (Macintosh; U; PPC Mac OS X 10_11_0 rv:3.0; it-CH) AppleWebKit/532.26.7 (KHTML, like Gecko) Version/5.1 Safari/532.26.7"
2023-02-04 14:29:35,gardnerrobert@benjamin.net,Tasmania Standard Time,46.223.48.222,failure,"Mozilla/5.0 (Windows; U; Windows NT 5.2) AppleWebKit/533.22.6 (KHTML, like Gecko) Version/4.0.3 Safari/533.22.6"
2023-02-04 14:38:17,johnsonjillian@gonzales.info,Cen. Australia Standard Time,150.100.130.161,failure,"Mozilla/5.0 (X11; Linux i686) AppleWebKit/534.1 (KHTML, like Gecko) Chrome/59.0.810.0 Safari/534.1"
2023-02-04 15:36:58,terri01@lozano-phillips.net,South Africa Standard Time,138.133.102.209,success,Opera/9.40.(Windows NT 6.1; kn-IN) Presto/2.9.172 Version/10.00
2023-02-04 15:39:57,joel85@mccormick.net,Atlantic Standard Time,208.14.100.142,failure,Mozilla/5.0 (Macintosh; U; PPC Mac OS X 10_12_1; rv:1.9.5.20) Gecko/7666-11-29 07:27:51 Firefox/3.6.16
2023-02-04 15:51:50,sara45@osborne.org,Azores Standard Time,113.57.217.226,failure,"Mozilla/5.0 (iPod; U; CPU iPhone OS 3_0 like Mac OS X; tig-ER) AppleWebKit/531.42.6 (KHTML, like Gecko) Version/3.0.5 Mobile/8B111 Safari/6531.42.6"
2023-02-04 16:10:04,martindavid@johnson.com,Pacific Standard Time (Mexico),192.187.66.183,success,"Mozilla/5.0 (X11; Linux i686) AppleWebKit/534.1 (KHTML, like Gecko) Chrome/48.0.892.0 Safari/534.1"
2023-02-04 16:16:43,hodgestephen@weiss.com,New Zealand Standard Time,212.163.163.159,success,"Mozilla/5.0 (iPod; U; CPU iPhone OS 4_1 like Mac OS X; li-BE) AppleWebKit/532.15.6 (KHTML, like Gecko) Version/3.0.5 Mobile/8B117 Safari/6532.15.6"
2023-02-04 17:29:19,hernandezrobert@lee.com,Venezuela Standard Time,59.142.42.229,failure,"Mozilla/5.0 (iPod; U; CPU iPhone OS 4_3 like Mac OS X; mr-IN) AppleWebKit/531.35.4 (KHTML, like Gecko) Version/4.0.5 Mobile/8B118 Safari/6531.35.4"
2023-02-04 17:33:45,ohansen@burton-williams.biz,US Eastern Standard Time,54.21.97.116,failure,Opera/9.57.(X11; Linux x86_64; lo-LA) Presto/2.9.187 Version/12.00
2023-02-04 17:41:43,oalvarez@cox-pittman.com,West Pacific Standard Time,23.64.167.122,success,"Mozilla/5.0 (Macintosh; Intel Mac OS X 10_10_0 rv:3.0; mi-NZ) AppleWebKit/532.19.5 (KHTML, like Gecko) Version/5.1 Safari/532.19.5"
2023-02-04 18:04:44,thompsonchristina@oconnell.com,India Standard Time,215.5.187.243,success,"Mozilla/5.0 (Windows; U; Windows 98) AppleWebKit/535.42.7 (KHTML, like Gecko) Version/5.0.1 Safari/535.42.7"
2023-02-04 18:28:33,denisegardner@luna-richardson.com,FLE Standard Time,53.95.217.37,success,"Mozilla/5.0 (Windows; U; Windows 98; Win 9x 4.90) AppleWebKit/533.35.4 (KHTML, like Gecko) Version/5.1 Safari/533.35.4"
2023-02-04 19:12:03,julie79@arnold.com,GTB Standard Time,82.95.55.242,success,"Mozilla/5.0 (X11; Linux x86_64) AppleWebKit/532.1 (KHTML, like Gecko) Chrome/55.0.878.0 Safari/532.1"
2023-02-04 19:31:46,markwoods@chen.org,SE Asia Standard Time,221.7.178.70,failure,Opera/8.77.(X11; Linux i686; sc-IT) Presto/2.9.181 Version/12.00
2023-02-04 19:38:44,timothy18@macdonald.com,Pacific SA Standard Time,214.205.2.22,success,"Mozilla/5.0 (Macintosh; Intel Mac OS X 10_10_3) AppleWebKit/531.2 (KHTML, like Gecko) Chrome/26.0.893.0 Safari/531.2"
2023-02-04 20:10:37,tarasaunders@osborne.com,Malay Peninsula Standard Time,147.127.216.135,failure,Opera/8.36.(X11; Linux x86_64; am-ET) Presto/2.9.166 Version/12.00
2023-02-04 20:42:26,valdezlisa@fletcher.com,Sri Lanka Standard Time,180.41.134.193,success,"Mozilla/5.0 (Macintosh; PPC Mac OS X 10_7_2 rv:5.0; fi-FI) AppleWebKit/534.8.3 (KHTML, like Gecko) Version/5.0.2 Safari/534.8.3"
2023-02-04 20:42:38,mark22@patterson-allison.com,Central Europe Standard Time,143.245.164.30,failure,"Mozilla/5.0 (Windows; U; Windows NT 10.0) AppleWebKit/534.46.2 (KHTML, like Gecko) Version/5.1 Safari/534.46.2"
2023-02-04 20:43:47,marvin23@stewart.com,Pacific Standard Time,9.25.160.200,success,"Mozilla/5.0 (Windows; U; Windows NT 5.01) AppleWebKit/534.45.1 (KHTML, like Gecko) Version/5.0 Safari/534.45.1"
2023-02-04 21:16:06,ogibson@young.com,Sri Lanka Standard Time,190.28.244.118,failure,Mozilla/5.0 (X11; Linux i686; rv:1.9.5.20) Gecko/8353-05-17 19:28:01 Firefox/3.8
2023-02-04 21:22:55,osimmons@riley.com,Central Brazilian Standard Time,218.119.134.141,success,"Mozilla/5.0 (X11; Linux i686) AppleWebKit/532.1 (KHTML, like Gecko) Chrome/43.0.875.0 Safari/532.1"
2023-02-04 21:23:52,vickiestrada@jackson.com,Myanmar Standard Time,220.104.222.249,success,Opera/9.70.(X11; Linux x86_64; he-IL) Presto/2.9.178 Version/10.00
2023-02-04 21:40:46,james99@lucas-graves.info,Greenland Standard Time,181.153.241.133,success,"Mozilla/5.0 (Windows NT 6.2) AppleWebKit/535.2 (KHTML, like Gecko) Chrome/24.0.850.0 Safari/535.2"
2023-02-04 21:50:21,jlopez@daniel-frederick.com,Egypt Standard Time,200.186.165.66,failure,Mozilla/5.0 (compatible; MSIE 6.0; Windows NT 5.01; Trident/3.0)
2023-02-04 22:00:48,moralesmichelle@chavez.info,Pacific SA Standard Time,136.169.246.70,success,"Mozilla/5.0 (X11; Linux x86_64) AppleWebKit/536.1 (KHTML, like Gecko) Chrome/56.0.834.0 Safari/536.1"
2023-02-04 22:09:30,cassandralee@richardson.com,Myanmar Standard Time,5.150.172.27,success,"Mozilla/5.0 (Macintosh; PPC Mac OS X 10_5_4 rv:4.0; hak-TW) AppleWebKit/531.36.2 (KHTML, like Gecko) Version/4.1 Safari/531.36.2"
2023-02-04 22:41:00,jorge74@rios.net,South Africa Standard Time,83.32.92.75,success,"Mozilla/5.0 (iPhone; CPU iPhone OS 6_1_6 like Mac OS X) AppleWebKit/534.2 (KHTML, like Gecko) FxiOS/17.6l9985.0 Mobile/59S178 Safari/534.2"
2023-02-04 22:43:51,williamlarson@adams-murray.com,Tasmania Standard Time,170.2.210.195,success,Opera/8.80.(Windows NT 6.0; sr-ME) Presto/2.9.185 Version/10.00
2023-02-05 00:12:02,olivia71@rose.com,Bangladesh Standard Time,36.100.104.39,failure,"Mozilla/5.0 (Linux; Android 4.2.1) AppleWebKit/532.1 (KHTML, like Gecko) Chrome/17.0.874.0 Safari/532.1"
2023-02-05 00:12:45,hhammond@lozano-adams.com,W. Europe Standard Time,222.56.97.249,failure,Opera/8.48.(Windows 95; ast-ES) Presto/2.9.172 Version/10.00
2023-02-05 00:12:46,garciaryan@webb-contreras.org,Jerusalem Standard Time,165.116.110.121,success,Opera/8.56.(Windows 98; Win 9x 4.90; kk-KZ) Presto/2.9.169 Version/12.00
2023-02-05 00:17:13,leemichael@beck.com,Atlantic Standard Time,170.214.156.249,failure,Opera/9.92.(X11; Linux i686; my-MM) Presto/2.9.181 Version/10.00
2023-02-05 00:42:47,yfreeman@davidson.com,N. Central Asia Standard Time,213.14.96.220,success,Opera/8.27.(X11; Linux x86_64; kok-IN) Presto/2.9.164 Version/11.00
2023-02-05 00:52:21,toddtucker@martin.net,W. Europe Standard Time,197.81.194.117,failure,Mozilla/5.0 (Macintosh; U; Intel Mac OS X 10_11_7; rv:1.9.6.20) Gecko/8413-04-14 04:46:39 Firefox/3.6.4
2023-02-05 01:19:19,dlopez@burns.biz,W. Central Africa Standard Time,144.70.227.101,failure,Opera/8.21.(X11; Linux i686; ayc-PE) Presto/2.9.161 Version/10.00
2023-02-05 01:20:55,isoto@alexander.info,Central Europe Standard Time,32.241.76.153,success,Opera/8.18.(X11; Linux x86_64; ts-ZA) Presto/2.9.161 Version/11.00
2023-02-05 01:27:25,ulong@kirby-gonzalez.org,South Africa Standard Time,155.189.159.46,failure,Opera/9.16.(X11; Linux i686; da-DK) Presto/2.9.171 Version/11.00
2023-02-05 01:36:03,kenneth58@stewart.info,Egypt Standard Time,160.108.168.252,failure,Mozilla/5.0 (compatible; MSIE 6.0; Windows NT 5.1; Trident/3.0)
2023-02-05 01:39:56,timothy88@sanders-holland.com,GTB Standard Time,222.214.130.36,success,Mozilla/5.0 (compatible; MSIE 5.0; Windows 98; Win 9x 4.90; Trident/4.0)
2023-02-05 01:47:17,eric04@hubbard-wong.net,North Asia Standard Time,191.210.59.63,success,"Mozilla/5.0 (iPhone; CPU iPhone OS 4_2_1 like Mac OS X) AppleWebKit/536.1 (KHTML, like Gecko) FxiOS/13.1t4440.0 Mobile/19H483 Safari/536.1"
2023-02-05 02:14:59,popekatherine@cruz-shaffer.com,Central Asia Standard Time,211.233.5.201,success,"Mozilla/5.0 (Windows NT 5.2) AppleWebKit/534.1 (KHTML, like Gecko) Chrome/26.0.803.0 Safari/534.1"
2023-02-05 02:33:49,moorehoward@banks.com,Central Standard Time,164.149.165.1,success,Mozilla/5.0 (compatible; MSIE 8.0; Windows NT 10.0; Trident/3.0)
2023-02-05 03:10:05,josephmoore@ortega.net,W. Europe Standard Time,78.19.190.113,failure,"Mozilla/5.0 (Macintosh; Intel Mac OS X 10_9_2 rv:5.0; fur-IT) AppleWebKit/533.23.3 (KHTML, like Gecko) Version/5.1 Safari/533.23.3"
2023-02-05 03:24:43,jlee@higgins.biz,South Africa Standard Time,204.100.209.246,failure,Mozilla/5.0 (compatible; MSIE 6.0; Windows NT 5.1; Trident/4.0)
2023-02-05 03:36:07,jessica64@bell.net,E. South America Standard Time,179.115.9.252,success,"Mozilla/5.0 (iPod; U; CPU iPhone OS 4_3 like Mac OS X; pl-PL) AppleWebKit/533.46.2 (KHTML, like Gecko) Version/3.0.5 Mobile/8B112 Safari/6533.46.2"
2023-02-05 03:57:07,fmeadows@white.com,Ulaanbaatar Standard Time,99.21.212.113,success,Mozilla/5.0 (compatible; MSIE 8.0; Windows CE; Trident/5.0)
2023-02-05 05:38:58,sweeneykayla@smith.org,Sri Lanka Standard Time,146.168.156.44,failure,Opera/9.60.(X11; Linux x86_64; hne-IN) Presto/2.9.178 Version/12.00
2023-02-05 05:40:07,jose75@shaffer.com,New Zealand Standard Time,47.83.162.244,failure,Opera/8.15.(Windows NT 5.0; hak-TW) Presto/2.9.180 Version/12.00
2023-02-05 06:19:40,ngreen@thomas.com,Fiji Standard Time,172.226.55.54,success,"Mozilla/5.0 (Macintosh; PPC Mac OS X 10_10_6) AppleWebKit/536.1 (KHTML, like Gecko) Chrome/43.0.876.0 Safari/536.1"
2023-02-05 07:19:09,dorothywilson@davis.org,GTB Standard Time,195.8.106.35,success,Mozilla/5.0 (Macintosh; Intel Mac OS X 10_9_4; rv:1.9.2.20) Gecko/7871-02-07 18:05:20 Firefox/3.6.18
2023-02-05 07:54:40,lsloan@baker-greer.biz,Turkey Standard Time,210.229.238.44,failure,Mozilla/5.0 (Windows 98; tt-RU; rv:1.9.2.20) Gecko/5909-10-30 14:21:52 Firefox/12.0
2023-02-05 08:16:01,cdiaz@farley.net,Georgian Standard Time,118.53.87.246,failure,Mozilla/5.0 (X11; Linux x86_64; rv:1.9.7.20) Gecko/9429-03-11 15:19:25 Firefox/7.0
2023-02-05 08:23:17,moonrachel@erickson.com,Sri Lanka Standard Time,100.156.46.76,success,Mozilla/5.0 (compatible; MSIE 5.0; Windows 95; Trident/3.0)
2023-02-05 08:46:06,villasteven@dixon-bell.com,Pakistan Standard Time,168.149.118.57,failure,Mozilla/5.0 (compatible; MSIE 5.0; Windows 98; Trident/5.0)
2023-02-05 09:01:13,qhayes@schultz-riley.com,Magadan Standard Time,84.209.60.194,failure,"Mozilla/5.0 (Windows NT 5.2) AppleWebKit/536.1 (KHTML, like Gecko) Chrome/50.0.828.0 Safari/536.1"
2023-02-05 09:17:18,weaveremily@meza.org,Azores Standard Time,205.173.190.6,failure,Opera/9.59.(X11; Linux x86_64; pl-PL) Presto/2.9.161 Version/10.00
2023-02-05 09:29:08,arogers@davila-ellis.com,SE Asia Standard Time,113.154.13.174,failure,Opera/8.89.(X11; Linux x86_64; id-ID) Presto/2.9.183 Version/10.00
2023-02-05 09:56:53,montoyasarah@smith.info,Cape Verde Standard Time,199.194.234.174,success,Mozilla/5.0 (compatible; MSIE 9.0; Windows NT 5.0; Trident/3.1)
2023-02-05 10:10:53,gloriajohnson@juarez-valdez.com,New Zealand Standard Time,169.92.234.213,failure,"Mozilla/5.0 (Macintosh; U; Intel Mac OS X 10_11_1 rv:2.0; bhb-IN) AppleWebKit/531.20.7 (KHTML, like Gecko) Version/5.0.4 Safari/531.20.7"
2023-02-05 10:46:45,dwoods@andrews.com,N. Central Asia Standard Time,214.39.121.29,failure,"Mozilla/5.0 (Macintosh; Intel Mac OS X 10_7_0 rv:2.0; az-IN) AppleWebKit/532.50.4 (KHTML, like Gecko) Version/5.0.2 Safari/532.50.4"
2023-02-05 11:28:42,jon02@travis-rose.com,W. Australia Standard Time,145.195.204.114,failure,Opera/8.43.(X11; Linux i686; lg-UG) Presto/2.9.174 Version/12.00
2023-02-05 12:06:50,smithmarie@smith.com,Russian Standard Time,223.8.117.71,success,Opera/9.88.(X11; Linux i686; mt-MT) Presto/2.9.180 Version/12.00
2023-02-05 12:32:16,matthewslindsay@schneider.info,Nepal Standard Time,214.175.16.141,failure,"Mozilla/5.0 (Linux; Android 2.0.1) AppleWebKit/532.2 (KHTML, like Gecko) Chrome/40.0.871.0 Safari/532.2"
2023-02-05 12:57:52,jonesdana@johnson.com,Alaskan Standard Time,223.73.36.45,failure,"Mozilla/5.0 (Macintosh; PPC Mac OS X 10_12_5 rv:2.0; unm-US) AppleWebKit/533.34.4 (KHTML, like Gecko) Version/4.0 Safari/533.34.4"
2023-02-05 13:23:21,mark40@vang.net,Venezuela Standard Time,184.54.154.0,success,Mozilla/5.0 (Android 9; Mobile; rv:15.0) Gecko/15.0 Firefox/15.0
2023-02-05 13:29:59,michael50@peck-jefferson.com,Atlantic Standard Time,8.190.15.188,failure,"Mozilla/5.0 (Macintosh; Intel Mac OS X 10_11_3 rv:6.0; kn-IN) AppleWebKit/533.9.6 (KHTML, like Gecko) Version/4.0.4 Safari/533.9.6"
2023-02-05 13:55:02,lauren36@marsh.com,Kamchatka Standard Time,36.254.183.235,failure,Mozilla/5.0 (compatible; MSIE 6.0; Windows NT 10.0; Trident/4.1)
2023-02-05 15:49:47,warrenamber@steele.com,Taipei Standard Time,134.205.17.202,failure,"Mozilla/5.0 (Windows NT 5.01) AppleWebKit/534.1 (KHTML, like Gecko) Chrome/58.0.818.0 Safari/534.1"
2023-02-05 15:59:11,susandavis@harper-snyder.info,Turkey Standard Time,216.66.238.182,success,Opera/9.19.(X11; Linux x86_64; fil-PH) Presto/2.9.179 Version/11.00
2023-02-05 16:14:34,martinwilliam@jones.com,Pacific Standard Time,43.25.247.98,success,Mozilla/5.0 (Macintosh; U; Intel Mac OS X 10_8_0; rv:1.9.5.20) Gecko/6130-01-01 13:48:41 Firefox/3.8
2023-02-05 16:39:41,charlesangela@lewis-kim.com,GTB Standard Time,122.26.239.232,failure,"Mozilla/5.0 (iPad; CPU iPad OS 7_1_2 like Mac OS X) AppleWebKit/535.1 (KHTML, like Gecko) CriOS/28.0.893.0 Mobile/07H150 Safari/535.1"
2023-02-05 17:21:05,reynoldsbrittany@bryan.com,Greenwich Standard Time,221.175.99.206,failure,"Mozilla/5.0 (Windows; U; Windows NT 6.0) AppleWebKit/535.16.5 (KHTML, like Gecko) Version/4.1 Safari/535.16.5"
2023-02-05 17:21:17,joshuacox@martin.com,Arabic Standard Time,201.28.220.234,failure,"Mozilla/5.0 (Macintosh; Intel Mac OS X 10_9_8 rv:6.0; is-IS) AppleWebKit/534.25.4 (KHTML, like Gecko) Version/5.0.4 Safari/534.25.4"
2023-02-05 17:34:57,denise66@duncan.net,US Eastern Standard Time,6.224.252.112,success,Mozilla/5.0 (compatible; MSIE 7.0; Windows NT 4.0; Trident/4.1)
2023-02-05 18:23:31,sara06@lucas-perez.com,Pakistan Standard Time,155.254.48.160,success,Mozilla/5.0 (compatible; MSIE 7.0; Windows 98; Trident/5.1)
2023-02-05 18:30:07,daviscrystal@adams.com,US Eastern Standard Time,207.111.88.6,success,Mozilla/5.0 (X11; Linux i686; rv:1.9.6.20) Gecko/7951-04-25 00:35:50 Firefox/3.8
2023-02-05 18:40:17,chelseasnow@sanford.info,Nepal Standard Time,57.79.156.188,success,"Mozilla/5.0 (Linux; Android 2.0.1) AppleWebKit/536.2 (KHTML, like Gecko) Chrome/27.0.836.0 Safari/536.2"
2023-02-05 18:42:20,stephanie94@weber.org,Mountain Standard Time (Mexico),128.234.107.38,success,"Mozilla/5.0 (iPod; U; CPU iPhone OS 4_3 like Mac OS X; ak-GH) AppleWebKit/533.42.7 (KHTML, like Gecko) Version/3.0.5 Mobile/8B117 Safari/6533.42.7"
2023-02-05 18:47:17,garciaroberta@olson.org,West Asia Standard Time,207.26.112.150,failure,"Mozilla/5.0 (iPod; U; CPU iPhone OS 4_2 like Mac OS X; lo-LA) AppleWebKit/533.36.3 (KHTML, like Gecko) Version/3.0.5 Mobile/8B113 Safari/6533.36.3"
2023-02-05 19:19:10,cunninghamkaren@green-cervantes.info,North Asia Standard Time,49.18.82.239,success,Opera/9.12.(Windows 98; nb-NO) Presto/2.9.165 Version/12.00
2023-02-05 20:07:54,khughes@baker.com,E. Europe Standard Time,1.102.204.249,success,"Mozilla/5.0 (Macintosh; U; Intel Mac OS X 10_12_9) AppleWebKit/536.2 (KHTML, like Gecko) Chrome/24.0.875.0 Safari/536.2"
2023-02-05 20:15:54,shannon55@andrews.info,Central America Standard Time,78.1.71.183,success,Opera/9.49.(Windows NT 6.0; ml-IN) Presto/2.9.160 Version/11.00
2023-02-05 20:33:29,jose28@perry.com,AUS Central Standard Time,210.229.24.127,failure,Mozilla/5.0 (X11; Linux x86_64; rv:1.9.7.20) Gecko/5808-01-17 07:59:38 Firefox/3.6.17
2023-02-05 21:31:02,xrobertson@mckay.com,Mountain Standard Time (Mexico),31.16.4.35,failure,Mozilla/5.0 (Android 4.0.3; Mobile; rv:21.0) Gecko/21.0 Firefox/21.0
2023-02-05 21:58:04,marilynsullivan@krueger.net,Pacific Standard Time,12.12.124.253,failure,"Mozilla/5.0 (Windows NT 5.2) AppleWebKit/531.2 (KHTML, like Gecko) Chrome/50.0.849.0 Safari/531.2"
2023-02-05 22:38:50,christopher91@tran.com,SE Asia Standard Time,89.36.120.38,success,Mozilla/5.0 (Macintosh; U; Intel Mac OS X 10_5_5; rv:1.9.3.20) Gecko/6346-09-11 06:21:44 Firefox/12.0
2023-02-05 22:44:12,michael43@serrano.info,Montevideo Standard Time,206.233.61.216,failure,Opera/9.21.(Windows NT 5.0; cv-RU) Presto/2.9.162 Version/11.00
2023-02-05 23:30:52,gordonlinda@klein.biz,Central America Standard Time,213.22.253.199,failure,Mozilla/5.0 (compatible; MSIE 9.0; Windows CE; Trident/3.1)
2023-02-06 00:13:33,martinezmitchell@schmitt.info,Jerusalem Standard Time,179.221.165.83,failure,Mozilla/5.0 (compatible; MSIE 6.0; Windows NT 4.0; Trident/5.0)
2023-02-06 00:16:01,michaelbailey@clark-cole.biz,Alaskan Standard Time,59.167.84.215,success,"Mozilla/5.0 (Macintosh; U; Intel Mac OS X 10_6_6) AppleWebKit/536.0 (KHTML, like Gecko) Chrome/43.0.829.0 Safari/536.0"
2023-02-06 00:31:51,david51@hancock-ballard.com,West Pacific Standard Time,163.115.114.88,failure,Opera/9.88.(X11; Linux i686; wal-ET) Presto/2.9.187 Version/12.00
2023-02-06 00:56:06,harristony@evans.com,Turkey Standard Time,89.96.115.7,success,"Mozilla/5.0 (iPad; CPU iPad OS 7_1_2 like Mac OS X) AppleWebKit/531.2 (KHTML, like Gecko) FxiOS/14.1r7245.0 Mobile/55U242 Safari/531.2"
2023-02-06 01:30:48,santosanna@wilson.com,US Mountain Standard Time,211.109.96.60,success,"Mozilla/5.0 (Macintosh; U; PPC Mac OS X 10_5_2 rv:3.0; yo-NG) AppleWebKit/535.4.2 (KHTML, like Gecko) Version/5.1 Safari/535.4.2"
2023-02-06 01:32:06,jason78@herring.com,Turkey Standard Time,206.221.90.65,failure,"Mozilla/5.0 (Macintosh; U; Intel Mac OS X 10_9_7 rv:4.0; ayc-PE) AppleWebKit/534.36.5 (KHTML, like Gecko) Version/4.1 Safari/534.36.5"
2023-02-06 02:31:15,steven51@noble-wilson.org,FLE Standard Time,189.8.210.214,success,Mozilla/5.0 (compatible; MSIE 5.0; Windows NT 6.1; Trident/4.0)
2023-02-06 02:49:22,ebaker@rodgers.com,Samoa Standard Time,214.112.146.102,success,Opera/8.98.(Windows NT 5.2; oc-FR) Presto/2.9.184 Version/11.00
2023-02-06 02:54:02,qrobles@ward.org,Mid-Atlantic Standard Time,210.176.183.186,success,"Mozilla/5.0 (iPod; U; CPU iPhone OS 4_1 like Mac OS X; brx-IN) AppleWebKit/534.48.1 (KHTML, like Gecko) Version/4.0.5 Mobile/8B116 Safari/6534.48.1"
2023-02-06 02:57:03,troy19@green.net,West Pacific Standard Time,133.37.253.238,failure,Mozilla/5.0 (compatible; MSIE 6.0; Windows NT 5.01; Trident/5.1)
2023-02-06 03:24:18,david97@perry-pierce.com,Azerbaijan Standard Time,198.156.62.9,success,Mozilla/5.0 (compatible; MSIE 9.0; Windows NT 5.01; Trident/5.0)
2023-02-06 03:37:31,vmartinez@ochoa.com,Morocco Standard Time,205.224.195.108,success,"Mozilla/5.0 (X11; Linux i686) AppleWebKit/531.1 (KHTML, like Gecko) Chrome/59.0.880.0 Safari/531.1"
2023-02-06 04:14:46,salazarjohn@smith-alvarez.biz,SA Pacific Standard Time,147.4.170.184,failure,Mozilla/5.0 (compatible; MSIE 9.0; Windows NT 6.2; Trident/3.1)
2023-02-06 04:29:25,savagejames@green.info,Yakutsk Standard Time,173.109.39.74,failure,"Mozilla/5.0 (Windows; U; Windows NT 5.2) AppleWebKit/535.20.1 (KHTML, like Gecko) Version/5.1 Safari/535.20.1"
2023-02-06 05:32:28,ericgomez@ross.org,Syria Standard Time,7.47.219.234,success,"Mozilla/5.0 (iPad; CPU iPad OS 4_2_1 like Mac OS X) AppleWebKit/536.0 (KHTML, like Gecko) FxiOS/12.0d8971.0 Mobile/94A377 Safari/536.0"
2023-02-06 05:35:47,kathleenmoore@merritt.com,Cen. Australia Standard Time,34.188.4.154,failure,Opera/9.92.(Windows NT 6.0; oc-FR) Presto/2.9.174 Version/12.00
2023-02-06 05:40:31,marthacruz@tran-brown.com,Coordinated Universal Time,115.240.105.164,failure,Opera/8.40.(X11; Linux x86_64; iw-IL) Presto/2.9.183 Version/12.00
2023-02-06 06:11:45,john72@allen-gutierrez.com,Fiji Standard Time,215.168.144.110,failure,"Mozilla/5.0 (iPod; U; CPU iPhone OS 3_2 like Mac OS X; mr-IN) AppleWebKit/532.21.2 (KHTML, like Gecko) Version/3.0.5 Mobile/8B118 Safari/6532.21.2"
2023-02-06 06:32:32,petersonwilliam@hopkins.net,Montevideo Standard Time,220.25.207.86,failure,"Mozilla/5.0 (iPhone; CPU iPhone OS 3_1_3 like Mac OS X) AppleWebKit/536.0 (KHTML, like Gecko) FxiOS/12.5i3974.0 Mobile/38Z523 Safari/536.0"
2023-02-06 07:07:01,christinarice@atkinson-williams.com,US Eastern Standard Time,33.233.51.126,success,Mozilla/5.0 (compatible; MSIE 8.0; Windows NT 6.2; Trident/4.1)
2023-02-06 07:13:17,masonrichard@white-watson.com,Mid-Atlantic Standard Time,5.12.228.195,success,Mozilla/5.0 (compatible; MSIE 7.0; Windows NT 5.0; Trident/4.0)
2023-02-06 07:38:25,gina69@aguirre.biz,E. South America Standard Time,172.80.253.89,success,Mozilla/5.0 (X11; Linux x86_64; rv:1.9.5.20) Gecko/4769-03-01 16:22:43 Firefox/7.0
2023-02-06 08:43:01,edwin30@nguyen.info,Central Standard Time (Mexico),221.188.231.250,success,"Mozilla/5.0 (X11; Linux i686) AppleWebKit/531.2 (KHTML, like Gecko) Chrome/58.0.812.0 Safari/531.2"
2023-02-06 08:57:28,fostercindy@clark-henderson.net,West Asia Standard Time,200.86.44.148,success,Opera/9.90.(Windows NT 10.0; raj-IN) Presto/2.9.161 Version/10.00
2023-02-06 09:05:54,ijensen@figueroa.com,North Asia Standard Time,151.5.103.90,failure,Mozilla/5.0 (compatible; MSIE 5.0; Windows NT 5.1; Trident/4.1)
2023-02-06 09:12:08,kevin97@eaton.com,Samoa Standard Time,131.182.46.245,failure,Opera/8.55.(Windows NT 6.0; hne-IN) Presto/2.9.174 Version/10.00
2023-02-06 09:22:49,brittanydonaldson@williams.biz,Alaskan Standard Time,64.16.119.172,success,"Mozilla/5.0 (iPod; U; CPU iPhone OS 4_2 like Mac OS X; he-IL) AppleWebKit/532.7.1 (KHTML, like Gecko) Version/3.0.5 Mobile/8B111 Safari/6532.7.1"
2023-02-06 11:21:13,charles89@miles.com,E. South America Standard Time,199.141.198.173,failure,"Mozilla/5.0 (Linux; Android 6.0) AppleWebKit/531.1 (KHTML, like Gecko) Chrome/63.0.834.0 Safari/531.1"
2023-02-06 11:23:01,lee47@steele.info,Greenland Standard Time,193.42.157.124,failure,Mozilla/5.0 (Macintosh; U; PPC Mac OS X 10_6_5; rv:1.9.5.20) Gecko/8098-05-06 13:11:44 Firefox/3.8
2023-02-06 11:31:29,aaronpoole@cantrell-johnson.com,Pakistan Standard Time,192.184.225.23,failure,"Mozilla/5.0 (iPad; CPU iPad OS 9_3_5 like Mac OS X) AppleWebKit/533.0 (KHTML, like Gecko) CriOS/55.0.802.0 Mobile/25B442 Safari/533.0"
2023-02-06 11:31:50,cynthiagreene@brock-rojas.info,Central Standard Time,130.153.246.138,success,Mozilla/5.0 (Windows 98; Win 9x 4.90; sw-TZ; rv:1.9.2.20) Gecko/6188-09-14 07:49:07 Firefox/3.8
2023-02-06 12:02:41,espinozaheather@hayes.com,Montevideo Standard Time,214.150.207.12,success,"Mozilla/5.0 (iPad; CPU iPad OS 3_1_3 like Mac OS X) AppleWebKit/533.2 (KHTML, like Gecko) FxiOS/15.9t4008.0 Mobile/79P067 Safari/533.2"
2023-02-06 12:11:24,danielle83@cardenas.info,Taipei Standard Time,104.131.32.57,failure,"Mozilla/5.0 (Windows; U; Windows NT 4.0) AppleWebKit/535.39.7 (KHTML, like Gecko) Version/4.1 Safari/535.39.7"
2023-02-06 12:16:18,christine04@martin.com,SE Asia Standard Time,184.147.156.85,failure,Mozilla/5.0 (compatible; MSIE 8.0; Windows NT 4.0; Trident/5.0)
2023-02-06 12:38:15,hensonjason@daniel.info,W. Australia Standard Time,200.147.56.232,success,"Mozilla/5.0 (Windows; U; Windows NT 6.0) AppleWebKit/534.5.5 (KHTML, like Gecko) Version/5.0 Safari/534.5.5"
2023-02-06 13:05:13,emily03@hughes-miller.com,Kamchatka Standard Time,215.164.186.49,failure,"Mozilla/5.0 (Windows 98) AppleWebKit/534.2 (KHTML, like Gecko) Chrome/58.0.853.0 Safari/534.2"
2023-02-06 13:15:29,austinbarron@gardner.com,Pacific Standard Time (Mexico),86.139.119.72,failure,"Mozilla/5.0 (Macintosh; U; PPC Mac OS X 10_12_0 rv:2.0; kok-IN) AppleWebKit/531.36.1 (KHTML, like Gecko) Version/5.1 Safari/531.36.1"
2023-02-06 13:52:21,karatodd@johnson.com,Greenland Standard Time,94.70.163.133,failure,Mozilla/5.0 (Windows NT 4.0; sr-RS; rv:1.9.2.20) Gecko/7959-02-05 03:47:33 Firefox/5.0
2023-02-06 14:17:01,oconnellbarbara@dixon-lawson.info,AUS Central Standard Time,185.24.117.85,failure,Mozilla/5.0 (compatible; MSIE 8.0; Windows NT 10.0; Trident/5.1)
2023-02-06 14:23:05,christine93@brooks-snyder.org,Arabic Standard Time,196.111.167.96,failure,"Mozilla/5.0 (iPod; U; CPU iPhone OS 4_0 like Mac OS X; fi-FI) AppleWebKit/531.33.5 (KHTML, like Gecko) Version/3.0.5 Mobile/8B117 Safari/6531.33.5"
2023-02-06 15:03:47,cortezfrederick@ward.net,China Standard Time,154.168.182.30,failure,Opera/8.90.(X11; Linux i686; iu-CA) Presto/2.9.177 Version/11.00
2023-02-06 16:03:31,jsimmons@lyons-marshall.biz,GTB Standard Time,158.123.15.19,success,Mozilla/5.0 (compatible; MSIE 5.0; Windows 95; Trident/3.1)
2023-02-06 16:10:26,apierce@wood-jenkins.com,Taipei Standard Time,88.85.191.103,success,Opera/9.19.(X11; Linux i686; sq-AL) Presto/2.9.185 Version/11.00
2023-02-06 16:17:07,hernandezjessica@hernandez.com,Mid-Atlantic Standard Time,140.228.239.171,failure,Mozilla/5.0 (compatible; MSIE 6.0; Windows NT 6.0; Trident/5.0)
2023-02-06 17:14:44,vcook@warner-nixon.biz,GTB Standard Time,204.113.210.153,success,"Mozilla/5.0 (Windows NT 4.0) AppleWebKit/535.1 (KHTML, like Gecko) Chrome/27.0.811.0 Safari/535.1"
2023-02-06 17:16:21,btrevino@phillips.com,Vladivostok Standard Time,150.108.222.38,success,Mozilla/5.0 (Windows 98; tk-TM; rv:1.9.2.20) Gecko/9335-05-24 09:45:29 Firefox/3.8
2023-02-06 17:47:36,christopher27@walker.com,North Asia East Standard Time,218.199.187.72,failure,"Mozilla/5.0 (iPod; U; CPU iPhone OS 3_1 like Mac OS X; hsb-DE) AppleWebKit/534.5.3 (KHTML, like Gecko) Version/4.0.5 Mobile/8B119 Safari/6534.5.3"
2023-02-06 17:52:40,qpalmer@jones-day.com,W. Europe Standard Time,104.173.202.84,failure,Mozilla/5.0 (compatible; MSIE 8.0; Windows NT 6.2; Trident/3.0)
2023-02-06 18:09:34,christophersmith@carter.com,West Pacific Standard Time,110.128.173.209,success,Mozilla/5.0 (Windows NT 5.1; en-AG; rv:1.9.2.20) Gecko/4959-05-11 05:58:36 Firefox/3.8
2023-02-06 18:11:15,sherry84@garrison.org,Central Pacific Standard Time,17.145.25.175,failure,Opera/9.41.(X11; Linux i686; es-GT) Presto/2.9.185 Version/10.00
2023-02-06 18:33:46,lgonzalez@ruiz.info,Newfoundland Standard Time,101.85.55.121,success,Mozilla/5.0 (Windows NT 5.01; ug-CN; rv:1.9.2.20) Gecko/2414-07-29 20:07:27 Firefox/5.0
2023-02-06 18:34:47,sarahwalker@brown.com,N. Central Asia Standard Time,212.1.40.187,success,Opera/9.60.(Windows 95; wa-BE) Presto/2.9.169 Version/12.00
2023-02-06 18:59:40,hprice@montgomery.net,Central European Standard Time,43.13.98.127,success,"Mozilla/5.0 (Macintosh; Intel Mac OS X 10_5_7) AppleWebKit/531.2 (KHTML, like Gecko) Chrome/46.0.859.0 Safari/531.2"
2023-02-06 19:28:54,munozkathleen@gardner.com,Central Standard Time (Mexico),147.58.72.21,failure,Opera/8.31.(X11; Linux x86_64; et-EE) Presto/2.9.170 Version/12.00
2023-02-06 19:30:49,joshuabates@fisher-duncan.com,Egypt Standard Time,133.220.29.249,success,"Mozilla/5.0 (iPhone; CPU iPhone OS 10_3_4 like Mac OS X) AppleWebKit/536.1 (KHTML, like Gecko) CriOS/60.0.895.0 Mobile/47X124 Safari/536.1"
2023-02-06 19:49:43,angelaaguirre@wade-hernandez.com,West Pacific Standard Time,118.220.108.183,failure,"Mozilla/5.0 (Macintosh; U; Intel Mac OS X 10_8_2) AppleWebKit/536.0 (KHTML, like Gecko) Chrome/58.0.897.0 Safari/536.0"
2023-02-06 19:55:53,michellewilliams@graves.com,Taipei Standard Time,90.223.178.0,success,"Mozilla/5.0 (Macintosh; U; Intel Mac OS X 10_12_5) AppleWebKit/534.1 (KHTML, like Gecko) Chrome/29.0.870.0 Safari/534.1"
2023-02-06 20:03:51,tgarcia@parker.com,Malay Peninsula Standard Time,133.93.84.43,success,Mozilla/5.0 (Macintosh; PPC Mac OS X 10_8_4; rv:1.9.5.20) Gecko/6674-05-24 02:24:24 Firefox/6.0
2023-02-06 20:33:07,woodmary@bush-simmons.net,E. South America Standard Time,17.163.80.165,failure,Mozilla/5.0 (compatible; MSIE 5.0; Windows 95; Trident/3.0)
2023-02-06 20:50:53,angelahale@riggs.com,E. South America Standard Time,193.2.230.106,failure,Mozilla/5.0 (compatible; MSIE 7.0; Windows CE; Trident/3.0)
2023-02-06 21:39:21,irwinkelly@jones.com,Iran Standard Time,42.139.214.187,failure,Opera/8.32.(Windows NT 6.0; id-ID) Presto/2.9.179 Version/12.00
2023-02-06 21:52:33,chase60@reid-gomez.info,SA Eastern Standard Time,202.224.31.11,success,"Mozilla/5.0 (iPod; U; CPU iPhone OS 3_0 like Mac OS X; zu-ZA) AppleWebKit/531.8.7 (KHTML, like Gecko) Version/4.0.5 Mobile/8B118 Safari/6531.8.7"
2023-02-06 22:09:10,bestmitchell@baxter.org,West Pacific Standard Time,17.199.173.68,success,"Mozilla/5.0 (Windows NT 5.0) AppleWebKit/534.2 (KHTML, like Gecko) Chrome/17.0.802.0 Safari/534.2"
2023-02-06 22:19:47,jordancheryl@pacheco.org,Canada Central Standard Time,9.172.61.145,success,Mozilla/5.0 (compatible; MSIE 5.0; Windows NT 4.0; Trident/5.1)
2023-02-06 22:32:19,williamsryan@williams-wright.com,Yakutsk Standard Time,84.163.79.80,success,Opera/8.80.(Windows NT 5.2; se-NO) Presto/2.9.187 Version/10.00
2023-02-06 22:58:28,fbowen@hunter.net,Kamchatka Standard Time,130.100.108.225,success,Opera/8.10.(X11; Linux x86_64; hr-HR) Presto/2.9.186 Version/10.00
2023-02-06 23:07:56,peter09@king-edwards.com,Sri Lanka Standard Time,81.188.95.81,success,Mozilla/5.0 (compatible; MSIE 8.0; Windows CE; Trident/4.1)
2023-02-06 23:27:57,karen16@king.net,Kamchatka Standard Time,169.2.178.153,failure,Mozilla/5.0 (compatible; MSIE 9.0; Windows NT 5.1; Trident/5.0)
2023-02-06 23:40:08,davisnoah@baker.com,Samoa Standard Time,149.89.213.17,success,"Mozilla/5.0 (X11; Linux x86_64) AppleWebKit/535.1 (KHTML, like Gecko) Chrome/13.0.836.0 Safari/535.1"
2023-02-06 23:44:30,jameschase@white.com,Venezuela Standard Time,103.6.211.190,success,Mozilla/5.0 (compatible; MSIE 6.0; Windows NT 5.01; Trident/3.1)
2023-02-06 23:57:56,shane38@haynes.com,Malay Peninsula Standard Time,147.225.254.18,success,"Mozilla/5.0 (Macintosh; Intel Mac OS X 10_5_2 rv:3.0; ber-MA) AppleWebKit/531.6.2 (KHTML, like Gecko) Version/4.0.1 Safari/531.6.2"
2023-02-07 00:00:05,townsendtammy@leonard-fields.net,E. Europe Standard Time,119.11.221.73,failure,Mozilla/5.0 (compatible; MSIE 9.0; Windows 95; Trident/5.0)
2023-02-07 00:11:49,sarahlee@price-lowery.com,Central Standard Time,138.207.78.135,failure,"Mozilla/5.0 (iPad; CPU iPad OS 5_1_1 like Mac OS X) AppleWebKit/536.2 (KHTML, like Gecko) CriOS/17.0.863.0 Mobile/76P021 Safari/536.2"
2023-02-07 01:46:46,carlsontroy@king.com,Central European Standard Time,223.85.128.154,failure,Opera/9.35.(X11; Linux i686; wae-CH) Presto/2.9.177 Version/11.00
2023-02-07 01:53:07,matthewcisneros@ibarra.org,Bahia Standard Time,179.24.58.14,failure,Mozilla/5.0 (compatible; MSIE 5.0; Windows 98; Win 9x 4.90; Trident/4.0)
2023-02-07 01:54:01,denise70@davis.biz,Montevideo Standard Time,158.215.0.126,failure,"Mozilla/5.0 (Windows; U; Windows CE) AppleWebKit/533.27.4 (KHTML, like Gecko) Version/5.1 Safari/533.27.4"
2023-02-07 02:25:37,sharonmoore@thomas.com,Central Standard Time (Mexico),219.19.4.158,success,"Mozilla/5.0 (iPod; U; CPU iPhone OS 3_1 like Mac OS X; dz-BT) AppleWebKit/533.7.2 (KHTML, like Gecko) Version/4.0.5 Mobile/8B116 Safari/6533.7.2"
2023-02-07 02:40:55,arielhunter@hess-walters.com,Ulaanbaatar Standard Time,77.37.18.216,failure,Opera/8.88.(Windows 98; kl-GL) Presto/2.9.165 Version/12.00
2023-02-07 03:20:13,watsondale@rosario.com,Korea Standard Time,203.169.201.186,success,Mozilla/5.0 (compatible; MSIE 6.0; Windows NT 6.1; Trident/4.0)
2023-02-07 03:20:23,scott78@todd.biz,South Africa Standard Time,73.217.83.249,success,"Mozilla/5.0 (Windows; U; Windows 98; Win 9x 4.90) AppleWebKit/531.38.6 (KHTML, like Gecko) Version/4.1 Safari/531.38.6"
2023-02-07 03:25:12,danielsmith@cook.biz,Georgian Standard Time,137.173.49.206,success,Opera/9.30.(Windows NT 6.1; unm-US) Presto/2.9.161 Version/11.00
2023-02-07 03:41:32,hobrien@alvarez.com,South Africa Standard Time,14.113.169.117,success,"Mozilla/5.0 (X11; Linux x86_64) AppleWebKit/533.2 (KHTML, like Gecko) Chrome/18.0.854.0 Safari/533.2"
2023-02-07 03:55:42,jaylewis@carter.com,Vladivostok Standard Time,221.53.243.160,success,Mozilla/5.0 (Windows NT 5.1; da-DK; rv:1.9.1.20) Gecko/8158-05-06 10:24:47 Firefox/8.0
2023-02-07 04:10:16,pcooper@liu-mitchell.biz,Cape Verde Standard Time,202.238.198.240,failure,"Mozilla/5.0 (Linux; Android 2.0) AppleWebKit/534.2 (KHTML, like Gecko) Chrome/47.0.821.0 Safari/534.2"
2023-02-07 05:36:02,smithrebecca@henry.com,FLE Standard Time,148.3.172.124,success,"Mozilla/5.0 (X11; Linux i686) AppleWebKit/533.1 (KHTML, like Gecko) Chrome/49.0.878.0 Safari/533.1"
2023-02-07 05:50:23,hhernandez@contreras.org,Vladivostok Standard Time,86.242.6.124,failure,"Mozilla/5.0 (iPad; CPU iPad OS 9_3_5 like Mac OS X) AppleWebKit/536.1 (KHTML, like Gecko) FxiOS/9.0d3409.0 Mobile/02K182 Safari/536.1"
2023-02-07 05:56:53,laurarich@martinez-edwards.com,Iran Standard Time,223.188.248.157,failure,Opera/8.25.(Windows 98; tl-PH) Presto/2.9.186 Version/10.00
2023-02-07 06:01:42,cameron21@chambers-jackson.com,Bangladesh Standard Time,209.84.67.125,failure,"Mozilla/5.0 (Macintosh; Intel Mac OS X 10_8_2 rv:6.0; sc-IT) AppleWebKit/534.44.3 (KHTML, like Gecko) Version/4.0.4 Safari/534.44.3"
2023-02-07 06:02:12,xmayo@clements-malone.info,Newfoundland Standard Time,122.153.215.56,failure,"Mozilla/5.0 (Windows; U; Windows NT 6.2) AppleWebKit/535.32.4 (KHTML, like Gecko) Version/5.0.2 Safari/535.32.4"
2023-02-07 06:06:46,nolanmarc@freeman.com,Central Europe Standard Time,163.5.231.11,success,Mozilla/5.0 (compatible; MSIE 7.0; Windows 95; Trident/3.0)
2023-02-07 06:17:17,smithstacy@barnes.com,Cen. Australia Standard Time,130.181.230.155,failure,"Mozilla/5.0 (Macintosh; PPC Mac OS X 10_5_2 rv:3.0; sl-SI) AppleWebKit/532.29.5 (KHTML, like Gecko) Version/5.1 Safari/532.29.5"
2023-02-07 06:17:48,heidi83@martinez.com,Arabic Standard Time,138.217.66.189,failure,"Mozilla/5.0 (Macintosh; PPC Mac OS X 10_12_5 rv:6.0; it-IT) AppleWebKit/533.44.7 (KHTML, like Gecko) Version/5.1 Safari/533.44.7"
2023-02-07 06:44:08,jared71@rivera-robbins.net,Cape Verde Standard Time,200.91.42.157,success,Mozilla/5.0 (compatible; MSIE 9.0; Windows NT 4.0; Trident/4.1)
2023-02-07 07:51:12,timothyjones@gross.com,Turkey Standard Time,84.83.19.5,failure,"Mozilla/5.0 (X11; Linux i686) AppleWebKit/532.0 (KHTML, like Gecko) Chrome/45.0.855.0 Safari/532.0"
2023-02-07 08:19:21,ricejennifer@nicholson.com,W. Australia Standard Time,192.56.188.51,failure,Mozilla/5.0 (compatible; MSIE 9.0; Windows NT 6.2; Trident/3.1)
2023-02-07 08:28:45,llane@gomez-payne.com,Afghanistan Standard Time,215.249.155.149,success,Opera/9.62.(X11; Linux i686; oc-FR) Presto/2.9.164 Version/11.00
2023-02-07 09:55:34,ramirezaustin@riley-smith.com,Romance Standard Time,17.222.251.197,failure,"Mozilla/5.0 (iPod; U; CPU iPhone OS 4_3 like Mac OS X; wo-SN) AppleWebKit/531.39.1 (KHTML, like Gecko) Version/3.0.5 Mobile/8B118 Safari/6531.39.1"
2023-02-07 10:00:44,vduffy@robinson-hernandez.com,West Pacific Standard Time,96.67.218.147,failure,Mozilla/5.0 (compatible; MSIE 9.0; Windows 95; Trident/5.1)
2023-02-07 10:03:16,acevedomichael@mcclure-harris.info,Central Standard Time,145.140.128.74,failure,"Mozilla/5.0 (iPod; U; CPU iPhone OS 4_0 like Mac OS X; mg-MG) AppleWebKit/535.10.3 (KHTML, like Gecko) Version/4.0.5 Mobile/8B111 Safari/6535.10.3"
2023-02-07 10:18:11,erik05@harvey.net,Tokyo Standard Time,200.239.135.42,success,Mozilla/5.0 (compatible; MSIE 7.0; Windows NT 10.0; Trident/3.0)
2023-02-07 11:46:02,whitelindsey@jones.com,Central Europe Standard Time,219.226.6.138,failure,Opera/8.15.(Windows 98; Win 9x 4.90; be-BY) Presto/2.9.185 Version/12.00
2023-02-07 12:02:52,juliereed@smith.com,Taipei Standard Time,209.232.89.7,success,"Mozilla/5.0 (Macintosh; Intel Mac OS X 10_7_6 rv:6.0; my-MM) AppleWebKit/535.26.6 (KHTML, like Gecko) Version/4.1 Safari/535.26.6"
2023-02-07 12:47:39,lisafields@brown-blake.com,US Eastern Standard Time,196.72.89.141,failure,"Mozilla/5.0 (Macintosh; Intel Mac OS X 10_10_0 rv:4.0; os-RU) AppleWebKit/532.49.2 (KHTML, like Gecko) Version/5.1 Safari/532.49.2"
2023-02-07 12:48:35,jeffery10@lewis.com,Tonga Standard Time,209.171.59.141,failure,Mozilla/5.0 (Android 1.1; Mobile; rv:32.0) Gecko/32.0 Firefox/32.0
2023-02-07 12:48:59,weavercindy@smith.net,Romance Standard Time,212.91.187.99,success,"Mozilla/5.0 (Windows; U; Windows NT 6.0) AppleWebKit/534.12.5 (KHTML, like Gecko) Version/5.0.1 Safari/534.12.5"
2023-02-07 13:18:41,troywilcox@day-saunders.org,SA Eastern Standard Time,201.155.55.60,failure,Mozilla/5.0 (compatible; MSIE 9.0; Windows CE; Trident/3.0)
2023-02-07 13:40:26,kelleycody@gillespie.com,E. Africa Standard Time,206.66.28.241,failure,"Mozilla/5.0 (iPhone; CPU iPhone OS 3_1_3 like Mac OS X) AppleWebKit/533.2 (KHTML, like Gecko) FxiOS/11.8g0974.0 Mobile/50K129 Safari/533.2"
2023-02-07 13:49:16,bburns@young-daniels.com,Namibia Standard Time,120.50.114.245,success,"Mozilla/5.0 (Linux; Android 4.1.2) AppleWebKit/532.2 (KHTML, like Gecko) Chrome/42.0.891.0 Safari/532.2"
2023-02-07 14:00:53,anthonyellis@castro-velasquez.com,Taipei Standard Time,18.178.66.157,failure,Opera/8.41.(X11; Linux i686; tl-PH) Presto/2.9.163 Version/11.00
2023-02-07 14:09:56,bclark@daniels.org,E. Africa Standard Time,27.243.34.99,success,"Mozilla/5.0 (iPad; CPU iPad OS 4_2_1 like Mac OS X) AppleWebKit/531.2 (KHTML, like Gecko) CriOS/22.0.812.0 Mobile/23H433 Safari/531.2"
2023-02-07 14:38:15,dsmith@curtis.com,Mid-Atlantic Standard Time,72.149.244.235,failure,Mozilla/5.0 (compatible; MSIE 9.0; Windows 95; Trident/4.0)
2023-02-07 14:47:18,carlos09@lee.com,W. Australia Standard Time,185.94.238.121,failure,Mozilla/5.0 (X11; Linux i686; rv:1.9.7.20) Gecko/9725-07-11 05:35:40 Firefox/4.0
2023-02-07 14:49:11,iwise@garrett.info,Georgian Standard Time,194.34.13.164,success,"Mozilla/5.0 (Macintosh; U; PPC Mac OS X 10_10_3 rv:5.0; gl-ES) AppleWebKit/531.29.7 (KHTML, like Gecko) Version/5.1 Safari/531.29.7"
2023-02-07 15:28:42,pjohnson@singleton-russell.net,Pacific Standard Time (Mexico),202.25.199.49,failure,"Mozilla/5.0 (X11; Linux x86_64) AppleWebKit/531.0 (KHTML, like Gecko) Chrome/63.0.845.0 Safari/531.0"
2023-02-07 15:38:01,taylorjoshua@mitchell.com,Atlantic Standard Time,24.15.148.88,success,"Mozilla/5.0 (iPad; CPU iPad OS 12_4_8 like Mac OS X) AppleWebKit/533.2 (KHTML, like Gecko) CriOS/56.0.892.0 Mobile/07Y677 Safari/533.2"
2023-02-07 16:11:00,khall@hartman-griffin.info,E. Africa Standard Time,160.94.48.178,success,"Mozilla/5.0 (iPod; U; CPU iPhone OS 4_0 like Mac OS X; ff-SN) AppleWebKit/535.4.1 (KHTML, like Gecko) Version/3.0.5 Mobile/8B118 Safari/6535.4.1"
2023-02-07 16:19:43,daltonbean@davis.com,West Asia Standard Time,220.221.70.117,failure,Mozilla/5.0 (Windows NT 5.0; ug-CN; rv:1.9.0.20) Gecko/6637-01-04 20:48:55 Firefox/13.0
2023-02-07 17:11:54,neilhughes@navarro.com,SA Pacific Standard Time,201.160.80.165,failure,Mozilla/5.0 (compatible; MSIE 7.0; Windows NT 5.01; Trident/4.1)
2023-02-07 17:20:29,montoyakristin@anderson-liu.com,Greenwich Standard Time,198.183.200.26,success,Mozilla/5.0 (Macintosh; U; PPC Mac OS X 10_6_8; rv:1.9.4.20) Gecko/7361-04-15 11:10:22 Firefox/3.8
2023-02-07 17:23:19,cdelgado@matthews.com,Korea Standard Time,209.217.106.194,failure,Mozilla/5.0 (compatible; MSIE 8.0; Windows CE; Trident/5.1)
2023-02-07 17:37:59,mcclainchristina@lewis.com,Tonga Standard Time,138.153.43.162,failure,"Mozilla/5.0 (iPod; U; CPU iPhone OS 4_2 like Mac OS X; te-IN) AppleWebKit/533.3.1 (KHTML, like Gecko) Version/3.0.5 Mobile/8B111 Safari/6533.3.1"
2023-02-07 17:49:13,matthewjohnston@leblanc.info,Fiji Standard Time,29.210.221.163,failure,Mozilla/5.0 (compatible; MSIE 8.0; Windows NT 4.0; Trident/5.0)
2023-02-07 18:23:02,hectoranderson@smith-stevens.biz,SA Eastern Standard Time,184.109.160.148,failure,"Mozilla/5.0 (Windows; U; Windows NT 6.2) AppleWebKit/531.43.5 (KHTML, like Gecko) Version/5.0 Safari/531.43.5"
2023-02-07 18:48:44,ahughes@harmon.com,E. Africa Standard Time,123.80.30.48,failure,Opera/8.79.(Windows CE; ff-SN) Presto/2.9.167 Version/10.00
2023-02-07 18:54:06,nyoung@flores.com,Iran Standard Time,142.43.43.57,failure,Mozilla/5.0 (X11; Linux x86_64; rv:1.9.6.20) Gecko/6483-10-16 13:29:51 Firefox/3.6.4
2023-02-07 19:20:22,jwallace@fletcher.info,Greenwich Standard Time,38.192.224.107,failure,Mozilla/5.0 (Macintosh; PPC Mac OS X 10_12_2; rv:1.9.5.20) Gecko/2407-02-01 05:59:04 Firefox/13.0
2023-02-07 19:21:38,jeffery57@contreras-wang.com,Central Asia Standard Time,68.153.21.232,success,Opera/8.24.(X11; Linux i686; sq-AL) Presto/2.9.178 Version/11.00
2023-02-07 19:42:10,matthewporter@harris.net,Bahia Standard Time,77.91.208.26,failure,"Mozilla/5.0 (Windows; U; Windows NT 6.0) AppleWebKit/531.10.1 (KHTML, like Gecko) Version/4.0.3 Safari/531.10.1"
2023-02-07 20:04:02,kryan@adams.com,Central European Standard Time,188.114.38.173,failure,Mozilla/5.0 (compatible; MSIE 7.0; Windows NT 5.1; Trident/3.0)
2023-02-07 20:22:16,jfoster@wilson-galloway.net,AUS Eastern Standard Time,206.12.27.63,failure,"Mozilla/5.0 (iPad; CPU iPad OS 14_2_1 like Mac OS X) AppleWebKit/535.2 (KHTML, like Gecko) CriOS/43.0.884.0 Mobile/62T237 Safari/535.2"
2023-02-07 20:35:38,warrenchristopher@weaver-kim.biz,Arabian Standard Time,172.92.198.214,failure,Mozilla/5.0 (compatible; MSIE 8.0; Windows NT 5.2; Trident/4.1)
2023-02-07 21:09:02,katherinemcknight@bauer-stanley.com,Egypt Standard Time,39.42.147.31,failure,Mozilla/5.0 (Android 1.5; Mobile; rv:32.0) Gecko/32.0 Firefox/32.0
2023-02-07 21:33:49,jenniferedwards@shaffer.com,India Standard Time,204.23.29.225,success,Mozilla/5.0 (compatible; MSIE 7.0; Windows NT 5.1; Trident/3.0)
2023-02-07 21:44:06,bishopbrittany@hall.com,Ekaterinburg Standard Time,213.16.132.76,success,"Mozilla/5.0 (Windows; U; Windows NT 5.2) AppleWebKit/534.22.1 (KHTML, like Gecko) Version/5.0.5 Safari/534.22.1"
2023-02-07 21:48:18,teresaholden@garcia.com,Tonga Standard Time,95.67.157.186,failure,"Mozilla/5.0 (Windows; U; Windows NT 10.0) AppleWebKit/535.40.3 (KHTML, like Gecko) Version/5.0.4 Safari/535.40.3"
2023-02-07 23:19:37,jessicafriedman@smith-ibarra.org,SE Asia Standard Time,203.33.246.131,success,Opera/9.90.(Windows 95; ug-CN) Presto/2.9.179 Version/10.00
2023-02-07 23:29:06,ujordan@bruce-cannon.com,Alaskan Standard Time,46.83.250.100,success,"Mozilla/5.0 (Windows 98) AppleWebKit/533.2 (KHTML, like Gecko) Chrome/21.0.865.0 Safari/533.2"
2023-02-08 00:11:58,christopher65@gonzalez.com,Coordinated Universal Time,147.208.152.167,success,Mozilla/5.0 (compatible; MSIE 5.0; Windows CE; Trident/5.0)
2023-02-08 01:03:24,elizabeth88@leach.com,Central America Standard Time,27.192.132.244,failure,Opera/8.12.(X11; Linux x86_64; bn-IN) Presto/2.9.167 Version/12.00
2023-02-08 01:11:35,campbelldanielle@preston.com,Morocco Standard Time,205.18.190.126,failure,"Mozilla/5.0 (X11; Linux i686) AppleWebKit/531.1 (KHTML, like Gecko) Chrome/45.0.831.0 Safari/531.1"
2023-02-08 01:29:11,yfisher@chen-logan.com,Sri Lanka Standard Time,95.25.83.116,success,"Mozilla/5.0 (Macintosh; Intel Mac OS X 10_5_1 rv:3.0; ro-RO) AppleWebKit/531.23.2 (KHTML, like Gecko) Version/5.0.2 Safari/531.23.2"
2023-02-08 01:29:30,martintravis@duncan.com,North Asia East Standard Time,107.198.176.3,failure,Mozilla/5.0 (compatible; MSIE 8.0; Windows NT 5.1; Trident/3.0)
2023-02-08 01:31:32,hardinpatrick@james-garcia.org,India Standard Time,182.225.183.225,failure,Mozilla/5.0 (compatible; MSIE 7.0; Windows NT 5.1; Trident/3.0)
2023-02-08 01:49:54,omar07@hancock.com,South Africa Standard Time,208.156.66.49,failure,Mozilla/5.0 (compatible; MSIE 8.0; Windows NT 4.0; Trident/5.1)
2023-02-08 01:51:05,tracey44@foster.com,Middle East Standard Time,195.126.136.109,failure,"Mozilla/5.0 (Macintosh; U; PPC Mac OS X 10_12_6 rv:5.0; he-IL) AppleWebKit/533.13.4 (KHTML, like Gecko) Version/5.1 Safari/533.13.4"
2023-02-08 01:53:41,contrerasrebecca@norton.com,Bahia Standard Time,161.236.177.167,failure,Mozilla/5.0 (X11; Linux x86_64; rv:1.9.6.20) Gecko/5085-06-06 22:54:11 Firefox/11.0
2023-02-08 02:06:35,jenniferreeves@long.biz,Turkey Standard Time,221.103.61.211,success,"Mozilla/5.0 (iPhone; CPU iPhone OS 14_2 like Mac OS X) AppleWebKit/535.2 (KHTML, like Gecko) FxiOS/17.2j6904.0 Mobile/60T676 Safari/535.2"
2023-02-08 02:17:40,william99@romero-kelley.com,Jerusalem Standard Time,186.143.197.247,failure,Mozilla/5.0 (compatible; MSIE 8.0; Windows 98; Win 9x 4.90; Trident/3.1)
2023-02-08 02:54:05,houstonandrew@baldwin.com,Pakistan Standard Time,176.219.9.25,failure,Opera/9.74.(X11; Linux i686; yue-HK) Presto/2.9.188 Version/10.00
2023-02-08 03:01:53,sarahwalker@travis.com,North Asia East Standard Time,160.121.180.249,success,"Mozilla/5.0 (Windows NT 5.0) AppleWebKit/536.0 (KHTML, like Gecko) Chrome/23.0.852.0 Safari/536.0"
2023-02-08 03:10:38,michael52@nguyen.com,Turkey Standard Time,83.23.106.147,failure,"Mozilla/5.0 (iPod; U; CPU iPhone OS 4_3 like Mac OS X; ar-AE) AppleWebKit/534.48.5 (KHTML, like Gecko) Version/4.0.5 Mobile/8B118 Safari/6534.48.5"
2023-02-08 03:29:26,hryan@robinson-pena.net,Mid-Atlantic Standard Time,7.189.138.129,failure,"Mozilla/5.0 (Macintosh; Intel Mac OS X 10_7_8 rv:3.0; ku-TR) AppleWebKit/534.43.5 (KHTML, like Gecko) Version/5.0 Safari/534.43.5"
2023-02-08 04:05:43,eugenepaul@fox-barton.biz,Venezuela Standard Time,179.201.99.12,failure,"Mozilla/5.0 (Windows; U; Windows NT 6.1) AppleWebKit/532.33.5 (KHTML, like Gecko) Version/4.1 Safari/532.33.5"
2023-02-08 04:06:23,laura69@ramsey-trevino.com,Eastern Standard Time,131.219.208.186,failure,"Mozilla/5.0 (X11; Linux x86_64) AppleWebKit/534.0 (KHTML, like Gecko) Chrome/45.0.871.0 Safari/534.0"
2023-02-08 04:22:41,morrisdavid@gillespie.com,Ulaanbaatar Standard Time,219.86.60.192,success,"Mozilla/5.0 (iPad; CPU iPad OS 6_1_6 like Mac OS X) AppleWebKit/534.2 (KHTML, like Gecko) FxiOS/12.2t5572.0 Mobile/35C790 Safari/534.2"
2023-02-08 04:23:28,jonestaylor@banks.com,Sri Lanka Standard Time,139.192.18.85,success,Mozilla/5.0 (Windows 95; ff-SN; rv:1.9.0.20) Gecko/3011-11-22 12:49:23 Firefox/3.6.14
2023-02-08 05:13:55,monica23@mendoza.com,West Asia Standard Time,223.27.12.57,failure,Mozilla/5.0 (Android 3.1; Mobile; rv:67.0) Gecko/67.0 Firefox/67.0
2023-02-08 05:15:11,lisastephens@rocha.info,Greenland Standard Time,94.227.121.148,failure,Mozilla/5.0 (compatible; MSIE 6.0; Windows NT 5.2; Trident/4.1)
2023-02-08 05:50:24,jenniferlong@perry-davila.net,New Zealand Standard Time,19.220.93.97,failure,Opera/9.67.(X11; Linux i686; nb-NO) Presto/2.9.170 Version/12.00
2023-02-08 05:53:03,edwardchurch@williams.info,US Mountain Standard Time,222.13.75.103,success,Opera/8.51.(X11; Linux i686; ko-KR) Presto/2.9.184 Version/12.00
2023-02-08 06:02:18,gbell@moore.com,Cen. Australia Standard Time,194.209.17.120,failure,Mozilla/5.0 (compatible; MSIE 7.0; Windows 98; Win 9x 4.90; Trident/5.1)
2023-02-08 06:10:16,terrydavid@rose.com,Jerusalem Standard Time,194.165.70.151,success,Mozilla/5.0 (compatible; MSIE 7.0; Windows NT 5.01; Trident/3.1)
2023-02-08 06:11:04,bmccarthy@gordon.com,Canada Central Standard Time,203.2.208.201,failure,Opera/9.49.(Windows NT 5.1; bho-IN) Presto/2.9.174 Version/11.00
2023-02-08 06:53:52,imiller@lozano.net,Newfoundland Standard Time,203.218.138.109,success,"Mozilla/5.0 (iPad; CPU iPad OS 4_2_1 like Mac OS X) AppleWebKit/533.0 (KHTML, like Gecko) FxiOS/16.3d5832.0 Mobile/87J542 Safari/533.0"
2023-02-08 07:05:26,rothpaul@reynolds.com,Mauritius Standard Time,195.145.111.0,failure,Mozilla/5.0 (compatible; MSIE 7.0; Windows CE; Trident/3.0)
2023-02-08 07:13:04,heather41@blake-ramirez.org,Pakistan Standard Time,16.83.187.211,failure,"Mozilla/5.0 (iPod; U; CPU iPhone OS 3_1 like Mac OS X; nb-NO) AppleWebKit/532.6.1 (KHTML, like Gecko) Version/3.0.5 Mobile/8B112 Safari/6532.6.1"
2023-02-08 07:15:45,trocha@mckinney.com,Newfoundland Standard Time,201.34.36.227,success,Mozilla/5.0 (Android 5.1; Mobile; rv:32.0) Gecko/32.0 Firefox/32.0
2023-02-08 07:34:44,reyesdana@taylor-singleton.org,Kamchatka Standard Time,46.19.25.101,failure,Mozilla/5.0 (Windows NT 10.0; byn-ER; rv:1.9.1.20) Gecko/7966-07-31 17:01:13 Firefox/3.8
2023-02-08 07:46:18,lisa57@trujillo.org,Pacific Standard Time,143.159.146.134,success,Mozilla/5.0 (Macintosh; Intel Mac OS X 10_11_9; rv:1.9.6.20) Gecko/6628-04-28 03:11:41 Firefox/3.6.12
2023-02-08 08:11:01,johnsloan@smith-santos.net,Malay Peninsula Standard Time,217.112.51.58,failure,"Mozilla/5.0 (Macintosh; U; PPC Mac OS X 10_6_5) AppleWebKit/535.2 (KHTML, like Gecko) Chrome/15.0.828.0 Safari/535.2"
2023-02-08 08:34:40,wburnett@miller.com,Korea Standard Time,108.205.225.150,failure,Opera/8.27.(X11; Linux i686; th-TH) Presto/2.9.168 Version/11.00
2023-02-08 08:43:28,zdunn@miller.biz,Mountain Standard Time,167.248.78.110,success,Opera/8.37.(Windows NT 5.0; mr-IN) Presto/2.9.163 Version/12.00
2023-02-08 08:58:31,darinhess@gallagher.net,Afghanistan Standard Time,202.28.67.177,success,Mozilla/5.0 (compatible; MSIE 9.0; Windows NT 6.1; Trident/3.0)
2023-02-08 09:02:19,kimberlywatkins@douglas-webb.biz,SA Western Standard Time,206.208.252.179,failure,Opera/8.16.(X11; Linux i686; ak-GH) Presto/2.9.168 Version/10.00
2023-02-08 09:04:18,jasondavis@pugh.com,Central Standard Time,23.166.120.17,failure,"Mozilla/5.0 (Macintosh; PPC Mac OS X 10_12_6) AppleWebKit/534.0 (KHTML, like Gecko) Chrome/51.0.864.0 Safari/534.0"
2023-02-08 09:23:52,kelly97@miranda.info,SA Western Standard Time,11.33.111.242,failure,Opera/9.77.(Windows NT 5.01; gl-ES) Presto/2.9.171 Version/10.00
2023-02-08 09:34:32,christianjones@ryan.com,GTB Standard Time,42.111.78.188,success,"Mozilla/5.0 (X11; Linux x86_64) AppleWebKit/531.1 (KHTML, like Gecko) Chrome/52.0.855.0 Safari/531.1"
2023-02-08 09:35:32,jonathan84@hahn.org,Venezuela Standard Time,140.239.1.213,success,Mozilla/5.0 (Windows NT 5.01; fy-NL; rv:1.9.1.20) Gecko/9792-06-06 15:56:03 Firefox/14.0
2023-02-08 09:37:48,michael27@mcmahon-burch.biz,Cen. Australia Standard Time,201.36.125.222,success,"Mozilla/5.0 (Windows 98) AppleWebKit/536.2 (KHTML, like Gecko) Chrome/46.0.840.0 Safari/536.2"
2023-02-08 09:44:48,kylie50@hayden.com,Argentina Standard Time,36.197.69.42,success,Mozilla/5.0 (Windows 98; Win 9x 4.90; shs-CA; rv:1.9.1.20) Gecko/2789-02-13 21:37:19 Firefox/15.0
2023-02-08 10:27:18,william56@kennedy.com,Nepal Standard Time,124.21.234.230,failure,"Mozilla/5.0 (iPad; CPU iPad OS 3_1_3 like Mac OS X) AppleWebKit/535.2 (KHTML, like Gecko) FxiOS/13.3c8366.0 Mobile/37S069 Safari/535.2"
2023-02-08 10:34:06,loretta44@yang.com,Afghanistan Standard Time,218.217.61.0,success,"Mozilla/5.0 (Macintosh; U; Intel Mac OS X 10_11_6 rv:6.0; mi-NZ) AppleWebKit/534.6.4 (KHTML, like Gecko) Version/5.0.1 Safari/534.6.4"
2023-02-08 10:48:42,kempanthony@martinez-smith.com,Syria Standard Time,182.46.177.151,failure,"Mozilla/5.0 (iPod; U; CPU iPhone OS 4_3 like Mac OS X; or-IN) AppleWebKit/533.8.5 (KHTML, like Gecko) Version/4.0.5 Mobile/8B116 Safari/6533.8.5"
2023-02-08 11:12:30,heather76@quinn-davis.com,Kaliningrad Standard Time,222.159.76.204,success,Opera/8.85.(X11; Linux x86_64; fur-IT) Presto/2.9.189 Version/10.00
2023-02-08 12:01:04,nancy54@owen.com,Cen. Australia Standard Time,11.49.0.44,success,"Mozilla/5.0 (Windows; U; Windows NT 6.1) AppleWebKit/533.45.1 (KHTML, like Gecko) Version/4.1 Safari/533.45.1"
2023-02-08 12:20:31,melissabeltran@garner.org,Yakutsk Standard Time,187.224.160.250,success,Opera/8.36.(X11; Linux i686; it-IT) Presto/2.9.186 Version/11.00
2023-02-08 12:20:48,williamsloan@williams.info,Alaskan Standard Time,202.109.213.216,failure,Mozilla/5.0 (compatible; MSIE 7.0; Windows CE; Trident/4.0)
2023-02-08 12:45:28,tylerhaney@rodriguez-gibson.com,New Zealand Standard Time,134.173.125.33,success,"Mozilla/5.0 (Macintosh; U; Intel Mac OS X 10_5_6 rv:2.0; nn-NO) AppleWebKit/533.29.5 (KHTML, like Gecko) Version/4.0.2 Safari/533.29.5"
2023-02-08 12:55:09,zhines@garcia.com,E. Africa Standard Time,42.242.37.151,failure,Opera/8.82.(X11; Linux i686; nso-ZA) Presto/2.9.165 Version/10.00
2023-02-08 13:23:39,zschmidt@wheeler.info,West Asia Standard Time,208.19.64.100,success,Mozilla/5.0 (X11; Linux i686; rv:1.9.7.20) Gecko/4089-02-20 09:36:15 Firefox/11.0
2023-02-08 13:25:10,barreramelinda@jones-andrade.com,Middle East Standard Time,23.173.81.106,failure,Opera/8.28.(X11; Linux i686; ko-KR) Presto/2.9.170 Version/12.00
2023-02-08 13:33:48,shawnarodriguez@anderson.net,SA Pacific Standard Time,102.236.27.58,failure,"Mozilla/5.0 (iPod; U; CPU iPhone OS 3_0 like Mac OS X; ms-MY) AppleWebKit/533.9.3 (KHTML, like Gecko) Version/3.0.5 Mobile/8B118 Safari/6533.9.3"
2023-02-08 13:47:17,cristian95@watkins.com,Mid-Atlantic Standard Time,78.142.63.55,success,Opera/8.64.(X11; Linux i686; am-ET) Presto/2.9.173 Version/10.00
2023-02-08 14:18:31,ryanbarnes@hunter.com,W. Australia Standard Time,82.212.84.44,failure,"Mozilla/5.0 (Macintosh; U; PPC Mac OS X 10_10_0) AppleWebKit/534.2 (KHTML, like Gecko) Chrome/37.0.875.0 Safari/534.2"
2023-02-08 14:27:12,gallegosjennifer@barnes.info,Pakistan Standard Time,84.117.61.70,failure,"Mozilla/5.0 (Macintosh; PPC Mac OS X 10_8_7 rv:5.0; tk-TM) AppleWebKit/535.49.1 (KHTML, like Gecko) Version/4.0.3 Safari/535.49.1"
2023-02-08 14:29:39,hannahsummers@ramirez.com,W. Central Africa Standard Time,160.122.87.113,success,Opera/9.10.(Windows NT 5.1; iu-CA) Presto/2.9.162 Version/10.00
2023-02-08 14:55:15,carlospineda@curtis.org,FLE Standard Time,94.189.179.163,failure,"Mozilla/5.0 (iPod; U; CPU iPhone OS 4_1 like Mac OS X; uk-UA) AppleWebKit/534.44.2 (KHTML, like Gecko) Version/3.0.5 Mobile/8B115 Safari/6534.44.2"
2023-02-08 15:43:41,isabella61@meyers-becker.com,E. Africa Standard Time,88.123.163.106,success,Opera/9.77.(Windows 98; Win 9x 4.90; mk-MK) Presto/2.9.160 Version/12.00
2023-02-08 15:44:39,bpatterson@mills-collins.org,Azores Standard Time,57.138.137.74,failure,"Mozilla/5.0 (Windows; U; Windows NT 5.01) AppleWebKit/534.11.7 (KHTML, like Gecko) Version/4.0 Safari/534.11.7"
2023-02-08 15:47:52,melissa89@hutchinson.com,Middle East Standard Time,189.25.138.168,success,"Mozilla/5.0 (Windows; U; Windows NT 6.0) AppleWebKit/533.18.3 (KHTML, like Gecko) Version/4.1 Safari/533.18.3"
2023-02-08 16:17:54,garrettevan@mcdonald-brown.com,Greenwich Standard Time,206.8.8.161,failure,"Mozilla/5.0 (Macintosh; U; PPC Mac OS X 10_6_0 rv:2.0; wae-CH) AppleWebKit/532.11.6 (KHTML, like Gecko) Version/5.1 Safari/532.11.6"
2023-02-08 17:08:19,lisa85@ferrell.com,GMT Standard Time,167.246.28.171,success,Opera/8.93.(Windows CE; sr-ME) Presto/2.9.178 Version/12.00
2023-02-08 17:25:47,christophermartin@smith.info,Arabian Standard Time,135.251.157.216,failure,Mozilla/5.0 (X11; Linux i686; rv:1.9.5.20) Gecko/9925-08-15 18:03:46 Firefox/3.6.10
2023-02-08 17:26:45,anthony17@mcguire.biz,Ekaterinburg Standard Time,201.26.198.12,success,Opera/8.77.(Windows 98; Win 9x 4.90; gv-GB) Presto/2.9.166 Version/10.00
2023-02-08 17:50:56,larryallen@robinson.com,Ulaanbaatar Standard Time,145.45.173.225,success,"Mozilla/5.0 (Linux; Android 1.1) AppleWebKit/533.1 (KHTML, like Gecko) Chrome/27.0.830.0 Safari/533.1"
2023-02-08 17:51:36,maldonadopatricia@smith-mercado.com,Namibia Standard Time,216.108.126.7,success,Mozilla/5.0 (compatible; MSIE 7.0; Windows CE; Trident/5.1)
2023-02-08 18:10:43,christinalewis@jones.com,Bangladesh Standard Time,74.113.37.171,failure,"Mozilla/5.0 (iPhone; CPU iPhone OS 10_3_4 like Mac OS X) AppleWebKit/531.1 (KHTML, like Gecko) CriOS/42.0.840.0 Mobile/17G409 Safari/531.1"
2023-02-08 18:53:28,staceyfletcher@davis.net,New Zealand Standard Time,167.59.157.197,success,Mozilla/5.0 (Macintosh; U; Intel Mac OS X 10_10_8; rv:1.9.2.20) Gecko/6443-07-10 23:38:18 Firefox/3.8
2023-02-08 19:05:13,andrewwoods@harding.com,Venezuela Standard Time,154.100.177.185,success,"Mozilla/5.0 (iPod; U; CPU iPhone OS 3_3 like Mac OS X; sl-SI) AppleWebKit/532.28.7 (KHTML, like Gecko) Version/3.0.5 Mobile/8B112 Safari/6532.28.7"
2023-02-08 19:05:58,williamfrancis@adams-rush.com,Alaskan Standard Time,218.155.200.58,failure,Opera/8.39.(Windows NT 4.0; mi-NZ) Presto/2.9.171 Version/10.00
2023-02-08 19:13:17,sarah41@pope.com,Middle East Standard Time,204.103.226.174,failure,"Mozilla/5.0 (Windows NT 6.0) AppleWebKit/531.1 (KHTML, like Gecko) Chrome/59.0.854.0 Safari/531.1"
2023-02-08 19:16:35,sperez@donovan.biz,Montevideo Standard Time,12.141.70.235,success,"Mozilla/5.0 (Macintosh; U; PPC Mac OS X 10_5_4 rv:5.0; ro-RO) AppleWebKit/531.11.1 (KHTML, like Gecko) Version/5.1 Safari/531.11.1"
2023-02-08 19:27:30,ericshaw@rice.com,South Africa Standard Time,216.238.160.105,failure,"Mozilla/5.0 (iPod; U; CPU iPhone OS 3_3 like Mac OS X; ia-FR) AppleWebKit/535.30.1 (KHTML, like Gecko) Version/4.0.5 Mobile/8B115 Safari/6535.30.1"
2023-02-08 19:49:38,yturner@cannon.com,Pacific Standard Time (Mexico),176.233.144.49,failure,Opera/9.25.(Windows NT 5.2; yi-US) Presto/2.9.177 Version/10.00
2023-02-08 20:29:40,carmenadams@hoffman-ferguson.com,Magadan Standard Time,56.85.122.150,success,Opera/9.34.(Windows NT 6.0; vi-VN) Presto/2.9.176 Version/12.00
2023-02-08 20:38:44,juanaguirre@fletcher-morris.com,Nepal Standard Time,46.101.122.247,success,"Mozilla/5.0 (Linux; Android 6.0) AppleWebKit/535.2 (KHTML, like Gecko) Chrome/54.0.843.0 Safari/535.2"
2023-02-08 20:40:24,michaelyoung@james-wheeler.info,Central Europe Standard Time,158.20.181.109,failure,"Mozilla/5.0 (iPad; CPU iPad OS 3_1_3 like Mac OS X) AppleWebKit/536.2 (KHTML, like Gecko) CriOS/44.0.841.0 Mobile/91T689 Safari/536.2"
2023-02-08 21:10:56,cynthiaevans@chapman.com,Yakutsk Standard Time,102.254.151.246,success,"Mozilla/5.0 (Linux; Android 4.0.4) AppleWebKit/534.0 (KHTML, like Gecko) Chrome/48.0.821.0 Safari/534.0"
2023-02-08 21:15:51,ashleysullivan@brown.net,Azores Standard Time,130.182.65.144,failure,Mozilla/5.0 (compatible; MSIE 5.0; Windows 95; Trident/4.1)
2023-02-08 21:37:38,rachael85@lozano.com,Arabic Standard Time,221.228.183.2,failure,Mozilla/5.0 (compatible; MSIE 8.0; Windows NT 4.0; Trident/3.0)
2023-02-08 21:54:48,zwalker@fox-donaldson.com,Cape Verde Standard Time,41.239.160.235,failure,"Mozilla/5.0 (Linux; Android 8.0.0) AppleWebKit/533.2 (KHTML, like Gecko) Chrome/43.0.878.0 Safari/533.2"
2023-02-08 22:07:02,courtney07@johnson-clay.info,Magadan Standard Time,153.232.170.204,failure,"Mozilla/5.0 (Windows NT 5.2) AppleWebKit/535.2 (KHTML, like Gecko) Chrome/35.0.883.0 Safari/535.2"
2023-02-08 22:18:41,qhouston@ferguson.net,Central Standard Time,205.75.53.190,failure,Mozilla/5.0 (X11; Linux x86_64; rv:1.9.7.20) Gecko/4758-08-04 08:32:02 Firefox/3.6.11
2023-02-08 22:21:32,frazierthomas@terry-murray.com,Central Asia Standard Time,59.108.176.93,failure,"Mozilla/5.0 (iPad; CPU iPad OS 3_1_3 like Mac OS X) AppleWebKit/536.1 (KHTML, like Gecko) FxiOS/14.6o8769.0 Mobile/50V428 Safari/536.1"
2023-02-08 22:41:56,jordangarrett@dominguez-pineda.com,Central European Standard Time,208.89.164.108,success,Mozilla/5.0 (compatible; MSIE 7.0; Windows NT 10.0; Trident/3.1)
2023-02-08 23:54:33,eevans@williams-walker.info,Middle East Standard Time,194.223.225.122,success,Mozilla/5.0 (Android 2.0; Mobile; rv:30.0) Gecko/30.0 Firefox/30.0
2023-02-09 00:32:34,collinsjoyce@miranda.com,Newfoundland Standard Time,73.232.62.170,success,Mozilla/5.0 (compatible; MSIE 5.0; Windows 98; Win 9x 4.90; Trident/5.0)
2023-02-09 00:49:07,tyler02@lee-ochoa.com,Bahia Standard Time,204.185.18.40,success,"Mozilla/5.0 (Linux; Android 4.0.3) AppleWebKit/535.2 (KHTML, like Gecko) Chrome/22.0.857.0 Safari/535.2"
2023-02-09 02:05:19,wrightfrank@perkins.com,Arabian Standard Time,213.247.113.101,success,"Mozilla/5.0 (Macintosh; PPC Mac OS X 10_6_2) AppleWebKit/531.0 (KHTML, like Gecko) Chrome/41.0.840.0 Safari/531.0"
2023-02-09 02:23:03,maria06@house.net,Pakistan Standard Time,15.208.192.104,success,Opera/9.64.(X11; Linux i686; ga-IE) Presto/2.9.182 Version/11.00
2023-02-09 02:25:31,ryanjesse@scott-wilson.com,Middle East Standard Time,155.82.249.70,failure,"Mozilla/5.0 (Macintosh; PPC Mac OS X 10_12_4 rv:4.0; uk-UA) AppleWebKit/532.11.7 (KHTML, like Gecko) Version/5.0.2 Safari/532.11.7"
2023-02-09 02:48:12,hunterjacqueline@fields.info,AUS Central Standard Time,114.172.24.221,failure,Mozilla/5.0 (X11; Linux x86_64; rv:1.9.6.20) Gecko/7457-12-29 03:43:45 Firefox/3.8
2023-02-09 03:01:42,zeaton@lambert.com,E. South America Standard Time,65.42.25.28,failure,"Mozilla/5.0 (iPad; CPU iPad OS 3_1_3 like Mac OS X) AppleWebKit/534.1 (KHTML, like Gecko) CriOS/44.0.831.0 Mobile/90U407 Safari/534.1"
2023-02-09 03:10:33,amanda18@nunez.com,Central Europe Standard Time,74.113.59.250,failure,Mozilla/5.0 (compatible; MSIE 9.0; Windows NT 5.2; Trident/4.1)
2023-02-09 03:29:10,pdrake@cook-orozco.net,Eastern Standard Time,129.124.100.121,failure,Mozilla/5.0 (Macintosh; Intel Mac OS X 10_8_3; rv:1.9.3.20) Gecko/9274-10-08 18:42:40 Firefox/4.0
2023-02-09 03:46:18,ldawson@johnson-rivera.com,US Eastern Standard Time,223.135.160.41,success,"Mozilla/5.0 (Windows NT 4.0) AppleWebKit/535.1 (KHTML, like Gecko) Chrome/56.0.828.0 Safari/535.1"
2023-02-09 04:01:06,sharonsteele@erickson.com,Central America Standard Time,190.170.170.105,failure,"Mozilla/5.0 (Windows; U; Windows NT 6.1) AppleWebKit/534.42.2 (KHTML, like Gecko) Version/4.0 Safari/534.42.2"
2023-02-09 04:09:29,alisonmontoya@lindsey-jones.com,Fiji Standard Time,120.243.196.154,success,"Mozilla/5.0 (iPad; CPU iPad OS 7_1_2 like Mac OS X) AppleWebKit/533.0 (KHTML, like Gecko) FxiOS/10.4o1218.0 Mobile/53I724 Safari/533.0"
2023-02-09 05:05:56,jeffreyphillips@rich.org,Greenland Standard Time,125.81.25.61,success,Opera/9.38.(Windows CE; li-BE) Presto/2.9.160 Version/11.00
2023-02-09 05:11:54,ufranklin@davis.com,Georgian Standard Time,203.64.166.145,success,"Mozilla/5.0 (iPod; U; CPU iPhone OS 3_3 like Mac OS X; be-BY) AppleWebKit/535.23.1 (KHTML, like Gecko) Version/4.0.5 Mobile/8B111 Safari/6535.23.1"
2023-02-09 05:33:28,stacyevans@neal-holmes.com,Central Standard Time (Mexico),12.32.159.134,failure,"Mozilla/5.0 (iPad; CPU iPad OS 3_1_3 like Mac OS X) AppleWebKit/533.1 (KHTML, like Gecko) FxiOS/13.6a3631.0 Mobile/64O363 Safari/533.1"
2023-02-09 05:48:31,amanda27@farmer.info,Georgian Standard Time,180.204.89.229,success,"Mozilla/5.0 (iPod; U; CPU iPhone OS 4_2 like Mac OS X; ayc-PE) AppleWebKit/532.33.6 (KHTML, like Gecko) Version/4.0.5 Mobile/8B119 Safari/6532.33.6"
2023-02-09 05:49:46,katrinasmith@smith.com,Pacific SA Standard Time,108.89.197.136,success,Opera/9.52.(X11; Linux x86_64; ln-CD) Presto/2.9.168 Version/12.00
2023-02-09 06:03:40,alyssaerickson@walters.net,Kamchatka Standard Time,196.172.112.239,success,"Mozilla/5.0 (Linux; Android 2.3.7) AppleWebKit/533.2 (KHTML, like Gecko) Chrome/22.0.829.0 Safari/533.2"
2023-02-09 06:13:01,oramirez@taylor-vasquez.com,SA Pacific Standard Time,152.87.80.191,failure,Opera/9.44.(X11; Linux i686; ro-RO) Presto/2.9.179 Version/11.00
2023-02-09 07:01:00,silvajason@bryan.com,E. Africa Standard Time,78.144.131.95,failure,Mozilla/5.0 (compatible; MSIE 8.0; Windows NT 5.1; Trident/5.0)
2023-02-09 07:22:18,mezamelissa@fuller.biz,Cape Verde Standard Time,164.250.72.154,success,Mozilla/5.0 (Windows NT 5.1; szl-PL; rv:1.9.1.20) Gecko/5661-07-15 13:04:12 Firefox/3.6.7
2023-02-09 07:30:43,thomassarah@hines.com,Ekaterinburg Standard Time,99.58.6.202,success,Opera/9.51.(X11; Linux i686; om-ET) Presto/2.9.171 Version/12.00
2023-02-09 08:23:41,qfrench@king.com,Jordan Standard Time,59.161.0.210,success,Mozilla/5.0 (compatible; MSIE 6.0; Windows CE; Trident/4.0)
2023-02-09 08:30:27,walshcharles@castillo-wells.com,Argentina Standard Time,200.134.10.79,failure,Mozilla/5.0 (compatible; MSIE 8.0; Windows NT 10.0; Trident/4.1)
2023-02-09 08:55:38,zharris@eaton.com,US Mountain Standard Time,211.54.108.194,failure,"Mozilla/5.0 (iPod; U; CPU iPhone OS 3_3 like Mac OS X; yo-NG) AppleWebKit/535.36.5 (KHTML, like Gecko) Version/3.0.5 Mobile/8B114 Safari/6535.36.5"
2023-02-09 09:11:00,jonathan60@snyder.biz,Yakutsk Standard Time,99.160.155.162,success,Mozilla/5.0 (compatible; MSIE 7.0; Windows NT 5.2; Trident/5.0)
2023-02-09 09:13:56,gphillips@green.com,Eastern Standard Time,176.91.128.3,success,Mozilla/5.0 (Android 4.4; Mobile; rv:47.0) Gecko/47.0 Firefox/47.0
2023-02-09 09:57:28,nicholas02@hernandez.org,Namibia Standard Time,175.150.80.53,failure,"Mozilla/5.0 (iPad; CPU iPad OS 9_3_5 like Mac OS X) AppleWebKit/533.0 (KHTML, like Gecko) FxiOS/12.9l1802.0 Mobile/69X668 Safari/533.0"
2023-02-09 10:54:34,webbstephanie@jones-potts.com,Venezuela Standard Time,218.92.245.103,failure,Mozilla/5.0 (compatible; MSIE 7.0; Windows NT 5.01; Trident/5.0)
2023-02-09 10:54:57,michelleboyle@villanueva.net,Jerusalem Standard Time,41.235.208.173,failure,"Mozilla/5.0 (iPhone; CPU iPhone OS 4_2_1 like Mac OS X) AppleWebKit/534.0 (KHTML, like Gecko) CriOS/27.0.812.0 Mobile/18T912 Safari/534.0"
2023-02-09 11:19:37,wurandall@reid.com,Pacific SA Standard Time,203.120.59.211,success,"Mozilla/5.0 (Macintosh; U; Intel Mac OS X 10_7_1 rv:5.0; mni-IN) AppleWebKit/532.8.5 (KHTML, like Gecko) Version/5.1 Safari/532.8.5"
2023-02-09 11:39:39,barnesfrancisco@waters-molina.com,Ulaanbaatar Standard Time,178.23.147.167,failure,Opera/9.69.(X11; Linux i686; mni-IN) Presto/2.9.168 Version/10.00
2023-02-09 12:06:21,dmoreno@gutierrez-martinez.net,Yakutsk Standard Time,29.188.200.131,failure,"Mozilla/5.0 (Windows; U; Windows NT 6.0) AppleWebKit/535.15.1 (KHTML, like Gecko) Version/4.0.4 Safari/535.15.1"
2023-02-09 12:25:32,vcross@west-trevino.org,Yakutsk Standard Time,196.149.147.78,success,"Mozilla/5.0 (Linux; Android 4.2.1) AppleWebKit/535.0 (KHTML, like Gecko) Chrome/59.0.874.0 Safari/535.0"
2023-02-09 12:34:41,leah51@collier-roberts.com,N. Central Asia Standard Time,204.134.20.110,success,Mozilla/5.0 (compatible; MSIE 7.0; Windows NT 5.2; Trident/4.1)
2023-02-09 13:07:55,morrismary@perry.com,SA Eastern Standard Time,89.25.5.12,success,"Mozilla/5.0 (Windows NT 6.0) AppleWebKit/534.1 (KHTML, like Gecko) Chrome/48.0.885.0 Safari/534.1"
2023-02-09 13:28:45,kjensen@boone.org,Pacific Standard Time (Mexico),177.86.62.51,failure,"Mozilla/5.0 (iPod; U; CPU iPhone OS 3_0 like Mac OS X; lij-IT) AppleWebKit/532.2.3 (KHTML, like Gecko) Version/4.0.5 Mobile/8B114 Safari/6532.2.3"
2023-02-09 13:47:21,vhernandez@lewis.info,Yakutsk Standard Time,35.24.97.162,success,Mozilla/5.0 (compatible; MSIE 6.0; Windows NT 5.01; Trident/5.1)
2023-02-09 14:18:42,turnernancy@kent.net,Pacific Standard Time,213.24.115.76,success,Opera/8.59.(X11; Linux x86_64; mr-IN) Presto/2.9.177 Version/12.00
2023-02-09 15:02:15,carl49@romero.com,Atlantic Standard Time,201.0.63.3,failure,"Mozilla/5.0 (Linux; Android 5.0.1) AppleWebKit/533.2 (KHTML, like Gecko) Chrome/45.0.849.0 Safari/533.2"
2023-02-09 15:03:09,inelson@franco.biz,North Asia East Standard Time,146.104.28.177,success,Opera/9.43.(Windows 98; el-GR) Presto/2.9.162 Version/10.00
2023-02-09 15:19:55,nnielsen@washington-hunt.biz,FLE Standard Time,193.182.143.252,success,Opera/9.63.(Windows NT 4.0; sc-IT) Presto/2.9.172 Version/11.00
2023-02-09 15:37:09,david47@giles.com,W. Central Africa Standard Time,219.66.33.203,failure,"Mozilla/5.0 (Windows NT 10.0) AppleWebKit/534.0 (KHTML, like Gecko) Chrome/41.0.832.0 Safari/534.0"
2023-02-09 15:39:46,davidflynn@nelson-morgan.com,Cen. Australia Standard Time,140.117.0.198,failure,Mozilla/5.0 (compatible; MSIE 5.0; Windows NT 5.1; Trident/4.0)
2023-02-09 15:40:11,john59@boyd-archer.org,E. Europe Standard Time,139.36.232.92,success,Mozilla/5.0 (compatible; MSIE 5.0; Windows NT 6.2; Trident/3.1)
2023-02-09 15:54:39,stewarthenry@knight.com,Egypt Standard Time,107.130.223.1,failure,Mozilla/5.0 (X11; Linux x86_64; rv:1.9.5.20) Gecko/2551-08-03 18:50:30 Firefox/3.6.9
2023-02-09 16:28:23,terry86@gibson.net,Egypt Standard Time,15.26.230.152,success,Mozilla/5.0 (compatible; MSIE 7.0; Windows NT 5.1; Trident/4.0)
2023-02-09 16:28:44,ortizwalter@wiley.net,SA Pacific Standard Time,197.37.150.68,success,Opera/9.40.(Windows NT 5.0; nan-TW) Presto/2.9.166 Version/10.00
2023-02-09 16:29:14,ruizmichelle@jenkins.com,India Standard Time,150.252.199.83,success,"Mozilla/5.0 (Macintosh; U; Intel Mac OS X 10_11_4 rv:4.0; yue-HK) AppleWebKit/532.44.2 (KHTML, like Gecko) Version/4.1 Safari/532.44.2"
2023-02-09 16:30:42,curryanthony@anderson.info,Mid-Atlantic Standard Time,54.140.95.8,success,Mozilla/5.0 (Macintosh; U; Intel Mac OS X 10_11_6; rv:1.9.4.20) Gecko/8674-11-07 18:46:09 Firefox/8.0
2023-02-09 16:44:18,laurenvaughn@adkins.com,Central European Standard Time,143.164.162.99,success,Opera/8.50.(X11; Linux x86_64; tt-RU) Presto/2.9.173 Version/12.00
2023-02-09 17:43:39,cwilliams@fox.com,Central European Standard Time,160.44.171.108,success,"Mozilla/5.0 (iPad; CPU iPad OS 12_4_8 like Mac OS X) AppleWebKit/533.1 (KHTML, like Gecko) CriOS/46.0.895.0 Mobile/86K554 Safari/533.1"
2023-02-09 17:52:47,ysoto@harris-mccall.net,Azores Standard Time,194.210.40.30,success,"Mozilla/5.0 (Windows; U; Windows CE) AppleWebKit/532.43.5 (KHTML, like Gecko) Version/5.0.5 Safari/532.43.5"
2023-02-09 17:55:27,michaelwallace@kelley-payne.com,Kamchatka Standard Time,119.160.142.165,failure,Opera/8.64.(Windows NT 4.0; ht-HT) Presto/2.9.170 Version/10.00
2023-02-09 18:07:40,georgetracy@kramer-jackson.com,SA Pacific Standard Time,220.20.13.54,failure,Mozilla/5.0 (compatible; MSIE 7.0; Windows NT 5.0; Trident/5.0)
2023-02-09 18:11:26,amber18@morris.com,Vladivostok Standard Time,208.138.144.0,failure,"Mozilla/5.0 (Macintosh; PPC Mac OS X 10_6_6) AppleWebKit/531.2 (KHTML, like Gecko) Chrome/53.0.831.0 Safari/531.2"
2023-02-09 18:25:36,eriley@green-black.biz,US Eastern Standard Time,203.146.179.156,failure,"Mozilla/5.0 (Windows NT 5.1) AppleWebKit/535.0 (KHTML, like Gecko) Chrome/57.0.804.0 Safari/535.0"
2023-02-09 18:26:01,martha14@rojas-melendez.info,Afghanistan Standard Time,223.77.232.89,success,"Mozilla/5.0 (X11; Linux x86_64) AppleWebKit/533.2 (KHTML, like Gecko) Chrome/19.0.866.0 Safari/533.2"
2023-02-09 18:37:51,navarrodaniel@estrada-bass.org,North Asia Standard Time,210.208.200.225,failure,Mozilla/5.0 (Macintosh; U; PPC Mac OS X 10_6_0; rv:1.9.2.20) Gecko/2535-11-26 10:39:56 Firefox/3.6.11
2023-02-09 19:22:11,jeffreykim@mccullough.com,Taipei Standard Time,29.215.2.218,failure,Mozilla/5.0 (compatible; MSIE 6.0; Windows NT 6.0; Trident/5.1)
2023-02-09 19:44:29,danielgoodman@osborn.com,SE Asia Standard Time,200.48.101.240,success,Opera/8.57.(X11; Linux i686; mai-IN) Presto/2.9.169 Version/10.00
2023-02-09 20:02:57,brian16@smith.org,Morocco Standard Time,189.202.199.76,success,Mozilla/5.0 (Macintosh; Intel Mac OS X 10_9_5; rv:1.9.5.20) Gecko/7137-05-17 05:02:53 Firefox/3.8
2023-02-09 20:22:50,russellgloria@brady.org,E. Australia Standard Time,18.43.87.184,success,"Mozilla/5.0 (iPod; U; CPU iPhone OS 4_2 like Mac OS X; fa-IR) AppleWebKit/535.7.4 (KHTML, like Gecko) Version/3.0.5 Mobile/8B112 Safari/6535.7.4"
2023-02-09 20:25:28,pholloway@massey.info,Syria Standard Time,175.8.53.38,success,Opera/8.32.(X11; Linux x86_64; br-FR) Presto/2.9.181 Version/10.00
2023-02-09 20:49:43,jessicalee@black.biz,Cen. Australia Standard Time,206.87.201.99,failure,Opera/8.36.(X11; Linux i686; lij-IT) Presto/2.9.173 Version/10.00
2023-02-09 21:22:46,pyoung@farmer.com,Yakutsk Standard Time,198.255.56.21,success,"Mozilla/5.0 (iPad; CPU iPad OS 12_4_8 like Mac OS X) AppleWebKit/536.2 (KHTML, like Gecko) FxiOS/9.3p4902.0 Mobile/90M436 Safari/536.2"
2023-02-09 21:28:04,ocruz@ortega-murphy.biz,Central European Standard Time,170.255.194.207,success,Opera/8.51.(X11; Linux i686; gl-ES) Presto/2.9.176 Version/12.00
2023-02-09 21:36:51,chernandez@velasquez.com,Bangladesh Standard Time,78.121.121.234,success,"Mozilla/5.0 (Windows NT 5.2) AppleWebKit/536.1 (KHTML, like Gecko) Chrome/30.0.889.0 Safari/536.1"
2023-02-09 21:37:22,fuentesjoshua@clark-lawson.net,Central Brazilian Standard Time,222.42.207.213,success,"Mozilla/5.0 (Macintosh; Intel Mac OS X 10_9_4 rv:5.0; ce-RU) AppleWebKit/535.34.4 (KHTML, like Gecko) Version/4.0 Safari/535.34.4"
2023-02-09 22:03:15,alvarezamy@martin.biz,Tasmania Standard Time,45.49.116.16,failure,"Mozilla/5.0 (Windows; U; Windows CE) AppleWebKit/534.25.1 (KHTML, like Gecko) Version/4.1 Safari/534.25.1"
2023-02-09 22:11:55,virginiagonzales@campbell.biz,SA Eastern Standard Time,40.215.250.26,failure,Mozilla/5.0 (Macintosh; U; PPC Mac OS X 10_8_7; rv:1.9.5.20) Gecko/3505-10-12 17:49:31 Firefox/14.0
2023-02-09 22:15:35,jburns@brown-brown.com,Arabian Standard Time,211.7.134.64,success,Mozilla/5.0 (compatible; MSIE 5.0; Windows NT 6.0; Trident/5.1)
2023-02-09 23:13:26,maldonadochristopher@williams-brady.com,Namibia Standard Time,145.83.193.63,success,Mozilla/5.0 (compatible; MSIE 8.0; Windows 98; Trident/3.0)
2023-02-09 23:39:48,jeanwright@brown-arnold.net,Canada Central Standard Time,149.65.77.47,failure,"Mozilla/5.0 (Linux; Android 4.2.1) AppleWebKit/533.1 (KHTML, like Gecko) Chrome/20.0.875.0 Safari/533.1"
2023-02-10 00:02:58,rthompson@bailey-burke.com,Greenwich Standard Time,176.9.115.137,success,"Mozilla/5.0 (iPad; CPU iPad OS 4_2_1 like Mac OS X) AppleWebKit/535.1 (KHTML, like Gecko) CriOS/43.0.849.0 Mobile/82X097 Safari/535.1"
2023-02-10 01:01:15,rshaffer@williamson.com,Central Europe Standard Time,183.192.68.163,success,Mozilla/5.0 (compatible; MSIE 6.0; Windows NT 10.0; Trident/5.0)
2023-02-10 01:17:29,kimkirby@perry.com,Jerusalem Standard Time,132.1.30.67,success,"Mozilla/5.0 (iPhone; CPU iPhone OS 12_4_8 like Mac OS X) AppleWebKit/531.0 (KHTML, like Gecko) CriOS/32.0.885.0 Mobile/10A739 Safari/531.0"
2023-02-10 01:53:51,kevinwebb@padilla-ellis.net,Afghanistan Standard Time,134.154.90.221,success,"Mozilla/5.0 (Linux; Android 4.4.3) AppleWebKit/536.0 (KHTML, like Gecko) Chrome/22.0.822.0 Safari/536.0"
2023-02-10 03:14:56,alisonbrown@henry.biz,Iran Standard Time,208.43.236.158,success,Mozilla/5.0 (Macintosh; U; Intel Mac OS X 10_5_7; rv:1.9.5.20) Gecko/5722-02-17 07:17:10 Firefox/9.0
2023-02-10 03:17:09,alyssashaw@alexander.com,Cape Verde Standard Time,204.44.176.211,success,Opera/9.36.(Windows 98; szl-PL) Presto/2.9.180 Version/10.00
2023-02-10 03:22:54,chasejames@bright-castaneda.info,Tokyo Standard Time,160.4.145.164,success,"Mozilla/5.0 (iPad; CPU iPad OS 9_3_5 like Mac OS X) AppleWebKit/531.1 (KHTML, like Gecko) FxiOS/17.4n7765.0 Mobile/64O235 Safari/531.1"
2023-02-10 03:38:27,elizabeth05@huynh.com,Cape Verde Standard Time,102.6.10.38,failure,Opera/8.26.(X11; Linux i686; byn-ER) Presto/2.9.163 Version/10.00
2023-02-10 03:40:35,tylerowens@frazier-lee.info,Canada Central Standard Time,142.46.53.205,failure,"Mozilla/5.0 (Macintosh; U; Intel Mac OS X 10_11_0 rv:2.0; ca-FR) AppleWebKit/535.1.7 (KHTML, like Gecko) Version/4.0 Safari/535.1.7"
2023-02-10 03:51:00,steven18@lawrence-mendoza.com,W. Central Africa Standard Time,18.214.100.130,failure,"Mozilla/5.0 (Windows; U; Windows NT 5.1) AppleWebKit/533.26.3 (KHTML, like Gecko) Version/5.0.1 Safari/533.26.3"
2023-02-10 04:20:47,dphelps@chambers-fox.com,AUS Central Standard Time,192.28.167.155,success,Opera/8.75.(Windows NT 5.0; fur-IT) Presto/2.9.182 Version/11.00
2023-02-10 04:23:08,matthewsalyssa@mcbride.com,Middle East Standard Time,209.125.51.24,success,Opera/9.75.(Windows 98; Win 9x 4.90; om-KE) Presto/2.9.188 Version/12.00
2023-02-10 05:19:13,nathanielpeters@berger.net,SA Eastern Standard Time,26.146.246.230,failure,Mozilla/5.0 (compatible; MSIE 8.0; Windows NT 10.0; Trident/5.0)
2023-02-10 05:40:04,steven31@padilla.com,E. South America Standard Time,219.32.241.247,success,"Mozilla/5.0 (Windows; U; Windows NT 5.0) AppleWebKit/533.46.5 (KHTML, like Gecko) Version/5.0 Safari/533.46.5"
2023-02-10 05:58:07,jamie12@reyes.com,Vladivostok Standard Time,207.197.83.15,success,Mozilla/5.0 (compatible; MSIE 8.0; Windows NT 10.0; Trident/4.0)
2023-02-10 06:30:05,hcarney@davenport.net,China Standard Time,103.43.183.90,success,Mozilla/5.0 (compatible; MSIE 5.0; Windows 98; Win 9x 4.90; Trident/5.0)
2023-02-10 06:42:18,christina93@gutierrez.com,Ekaterinburg Standard Time,213.227.145.129,success,Mozilla/5.0 (X11; Linux i686; rv:1.9.6.20) Gecko/2786-08-17 02:06:56 Firefox/11.0
2023-02-10 07:12:27,charles93@wright-brown.org,Afghanistan Standard Time,216.176.190.190,success,"Mozilla/5.0 (iPhone; CPU iPhone OS 9_3_6 like Mac OS X) AppleWebKit/535.0 (KHTML, like Gecko) FxiOS/9.6h7645.0 Mobile/22F412 Safari/535.0"
2023-02-10 07:33:01,alexandrafreeman@green.biz,Tasmania Standard Time,204.87.205.252,failure,Mozilla/5.0 (compatible; MSIE 8.0; Windows NT 6.2; Trident/4.0)
2023-02-10 07:59:36,twilliams@ferguson.com,Romance Standard Time,49.49.130.196,failure,"Mozilla/5.0 (iPhone; CPU iPhone OS 14_2 like Mac OS X) AppleWebKit/536.0 (KHTML, like Gecko) CriOS/59.0.857.0 Mobile/56T446 Safari/536.0"
2023-02-10 08:06:21,kwood@thompson.com,Canada Central Standard Time,167.16.152.121,failure,"Mozilla/5.0 (iPad; CPU iPad OS 10_3_4 like Mac OS X) AppleWebKit/535.2 (KHTML, like Gecko) CriOS/22.0.851.0 Mobile/86W727 Safari/535.2"
2023-02-10 09:01:26,erikasantos@sparks-jones.com,US Mountain Standard Time,208.73.247.136,failure,Mozilla/5.0 (Windows NT 5.0; ik-CA; rv:1.9.1.20) Gecko/6296-05-10 15:56:17 Firefox/14.0
2023-02-10 09:08:21,dawnmorgan@collins-adkins.com,South Africa Standard Time,25.203.7.239,success,Mozilla/5.0 (Macintosh; U; Intel Mac OS X 10_8_5; rv:1.9.4.20) Gecko/9650-03-27 13:39:55 Firefox/3.6.11
2023-02-10 09:22:12,jacksonalicia@kent-johnson.com,Caucasus Standard Time,210.61.18.158,success,Mozilla/5.0 (X11; Linux i686; rv:1.9.6.20) Gecko/9903-06-17 09:04:47 Firefox/3.6.3
2023-02-10 09:34:49,summer85@gilbert.org,Central America Standard Time,97.67.205.25,failure,"Mozilla/5.0 (iPhone; CPU iPhone OS 9_3_5 like Mac OS X) AppleWebKit/536.2 (KHTML, like Gecko) FxiOS/11.5p9201.0 Mobile/61A847 Safari/536.2"
2023-02-10 09:44:23,ronaldprice@montgomery.net,Cape Verde Standard Time,183.109.121.202,failure,Mozilla/5.0 (compatible; MSIE 9.0; Windows NT 5.2; Trident/5.0)
2023-02-10 09:47:05,gerald69@mccarthy.info,AUS Central Standard Time,202.195.251.116,success,Opera/8.61.(X11; Linux i686; gv-GB) Presto/2.9.179 Version/12.00
2023-02-10 09:51:35,qpayne@acosta.com,Kaliningrad Standard Time,146.57.201.57,failure,Mozilla/5.0 (compatible; MSIE 9.0; Windows NT 6.2; Trident/4.0)
2023-02-10 10:04:06,rodriguezchristopher@hanson.com,W. Europe Standard Time,203.9.140.65,success,"Mozilla/5.0 (iPhone; CPU iPhone OS 14_2 like Mac OS X) AppleWebKit/533.2 (KHTML, like Gecko) FxiOS/13.0e0529.0 Mobile/25W608 Safari/533.2"
2023-02-10 10:26:50,briancarter@hampton-schneider.biz,Georgian Standard Time,70.105.43.12,success,Mozilla/5.0 (Windows 98; Win 9x 4.90; szl-PL; rv:1.9.1.20) Gecko/5828-05-26 15:19:06 Firefox/3.8
2023-02-10 10:32:38,hannahsmith@bowman.com,Alaskan Standard Time,60.47.118.44,failure,Mozilla/5.0 (Windows 95; mag-IN; rv:1.9.2.20) Gecko/4061-01-07 11:03:35 Firefox/3.6.6
2023-02-10 10:36:47,aliciadavidson@lopez-payne.com,Myanmar Standard Time,23.252.206.91,failure,Mozilla/5.0 (compatible; MSIE 9.0; Windows 98; Trident/4.0)
2023-02-10 10:55:32,allenklein@simmons.biz,Pacific Standard Time,152.71.253.172,failure,Mozilla/5.0 (compatible; MSIE 6.0; Windows CE; Trident/3.0)
2023-02-10 11:18:14,zramos@harris-hall.com,Newfoundland Standard Time,199.220.196.125,success,"Mozilla/5.0 (iPhone; CPU iPhone OS 10_3_3 like Mac OS X) AppleWebKit/531.2 (KHTML, like Gecko) CriOS/61.0.881.0 Mobile/61Z272 Safari/531.2"
2023-02-10 11:27:28,nvargas@bennett.com,Pacific Standard Time (Mexico),80.76.240.19,success,Mozilla/5.0 (Macintosh; Intel Mac OS X 10_12_4; rv:1.9.5.20) Gecko/8672-07-24 17:19:05 Firefox/3.6.13
2023-02-10 11:29:13,zachary35@garcia.info,China Standard Time,93.213.107.134,success,"Mozilla/5.0 (iPad; CPU iPad OS 12_4_8 like Mac OS X) AppleWebKit/534.1 (KHTML, like Gecko) CriOS/51.0.892.0 Mobile/75H558 Safari/534.1"
2023-02-10 11:58:07,whill@crawford-atkins.com,India Standard Time,189.208.112.168,success,Mozilla/5.0 (X11; Linux x86_64; rv:1.9.6.20) Gecko/2536-11-28 06:31:24 Firefox/3.6.9
2023-02-10 12:08:42,mark32@williams-schmidt.org,GMT Standard Time,192.28.81.151,failure,"Mozilla/5.0 (Macintosh; U; PPC Mac OS X 10_7_9) AppleWebKit/531.1 (KHTML, like Gecko) Chrome/36.0.838.0 Safari/531.1"
2023-02-10 12:10:10,hperry@wells-hernandez.com,GTB Standard Time,134.172.4.135,success,"Mozilla/5.0 (Macintosh; U; Intel Mac OS X 10_9_4 rv:5.0; lzh-TW) AppleWebKit/533.16.2 (KHTML, like Gecko) Version/4.0 Safari/533.16.2"
2023-02-10 12:32:55,laurie71@phillips.com,Mountain Standard Time (Mexico),208.12.184.199,failure,Mozilla/5.0 (compatible; MSIE 8.0; Windows 98; Win 9x 4.90; Trident/5.0)
2023-02-10 12:50:40,jamesrobert@wilson.com,Paraguay Standard Time,208.132.100.47,failure,Mozilla/5.0 (Macintosh; U; PPC Mac OS X 10_12_8; rv:1.9.2.20) Gecko/8064-11-12 15:38:54 Firefox/3.8
2023-02-10 13:40:09,joan59@carter-hughes.biz,SA Pacific Standard Time,3.102.85.59,failure,Opera/9.54.(X11; Linux x86_64; pl-PL) Presto/2.9.178 Version/10.00
2023-02-10 13:41:13,jamesking@lane.com,Sri Lanka Standard Time,95.233.94.9,failure,"Mozilla/5.0 (Linux; Android 8.1.0) AppleWebKit/533.2 (KHTML, like Gecko) Chrome/63.0.844.0 Safari/533.2"
2023-02-10 13:58:13,heather30@scott-williams.com,Romance Standard Time,37.89.161.150,failure,"Mozilla/5.0 (Linux; Android 2.2.3) AppleWebKit/531.1 (KHTML, like Gecko) Chrome/62.0.806.0 Safari/531.1"
datetime,email_address,timezone,src_ip,request_result,user_agent
